CurrentState,Receiver,Giver,Amount,,,,
0,Community,Community,0,,,,
1,Family 0,Community,790,,,,
1,Family 1,Community,100,,,,
1,Family 1,Community,90,,,,
1,Family 1,Family 0,90,1,,,
2,Family 2,Community,100,,,,
2,Family 2,Community,50,,,,
2,Family 2,Community,50,,,,
2,Family 2,Community,15,2,,,
2,Family 2,Family 1,10,2,,,
2,Family 2,Family 0,80,2,,,
2,Family 2,Community,50,,,,
2,Family 2,Community,90,,,,
2,Family 1,Family 2,15,2,,,`
2,Family 0,Family 2,15,2,,,
2,Family 3,Community,520,,,,
2,Family 3,Community,630,,,,
2,Family 3,Community,15,2,,,
2,Family 1,Family 0,90,1,,,
3,Family 4,Community,520,,,,
3,Family 4,Community,810,,,,
3,Family 4,Community,60,3,,,
3,Family 5,Community,200,,,,
3,Family 5,Community,270,,,,
3,Family 5,Family 3,50,3,,,
3,Family 3,Family 5,15,3,,,
3,Family 5,Family 3,15,3,,,
3,Family 5,Family 3,45,3,,,
3,Family 2,Community,15,2,,,
3,Family 2,Family 1,10,2,,,
3,Family 2,Family 0,80,2,,,
3,Family 1,Family 2,15,2,,,
3,Family 0,Family 2,15,2,,,
3,Family 3,Community,15,2,,,
3,Family 1,Family 0,90,1,,,
4,Family 0,Community,72,,,,
4,Family 1,Community,72,,,,
4,Family 2,Community,72,,,,
4,Family 3,Community,72,,,,
4,Family 5,Community,72,,,,
4,Family 0,Community,6,,,,
4,Family 1,Community,6,,,,
4,Family 2,Community,6,,,,
4,Family 0,Community,40,,,,
4,Family 1,Community,40,,,,
4,Family 2,Community,40,,,,
4,Family 3,Community,40,,,,
4,Family 5,Community,40,,,,
4,Family 0,Community,72,,,,
4,Family 1,Community,72,,,,
4,Family 2,Community,72,,,,
4,Family 3,Community,72,,,,
4,Family 5,Community,72,,,,
4,Family 6,Family 0,200,,,,
4,Family 6,Family 1,200,,,,
4,Family 6,Family 2,200,,,,
4,Family 6,Family 3,200,,,,
4,Family 6,Family 5,200,,,,
4,Family 6,Family 3,20,4,,,
4,Family 6,Family 0,2,4,,,
4,Family 6,Family 1,2,4,,,
4,Family 6,Family 2,2,4,,,
4,Family 6,Family 3,2,4,,,
4,Family 6,Family 5,2,4,,,
4,Family 6,Community,900,,,,
4,Family 4,Community,60,3,,,
4,Family 5,Family 3,50,3,,,
4,Family 3,Family 5,15,3,,,
4,Family 5,Family 3,15,3,,,
4,Family 5,Family 3,45,3,,,
4,Family 2,Community,15,2,,,
4,Family 2,Family 1,10,2,,,
4,Family 2,Family 0,80,2,,,
4,Family 1,Family 2,15,2,,,
4,Family 0,Family 2,15,2,,,
4,Family 3,Community,15,2,,,
4,Family 1,Family 0,90,1,,,
5,Family 7,Family 0,120,,,,
5,Family 7,Family 1,120,,,,
5,Family 7,Family 2,120,,,,
5,Family 7,Family 3,120,,,,
5,Family 7,Family 5,120,,,,
5,Family 7,Family 6,20,5,,,
5,Family 7,Community,540,,,,
5,Family 7,Family 3,20,5,,,
5,Family 7,Family 0,2,5,,,
5,Family 7,Family 1,2,5,,,
5,Family 7,Family 2,2,5,,,
5,Family 7,Family 3,2,5,,,
5,Family 7,Family 5,2,5,,,
5,Family 7,Family 6,260,5,,,
5,Family 8,Community,370,,,,
5,Family 8,Community,450,,,,
5,Family 8,Family 0,20,5,,,
5,Family 8,Family 1,5,5,,,
5,Family 8,Family 2,10,5,,,
5,Family 8,Community,15,5,,,
5,Family 6,Family 3,20,4,,,
5,Family 6,Family 0,2,4,,,
5,Family 6,Family 1,2,4,,,
5,Family 6,Family 2,2,4,,,
5,Family 6,Family 3,2,4,,,
5,Family 6,Family 5,2,4,,,
5,Family 4,Community,60,3,,,
5,Family 5,Family 3,50,3,,,
5,Family 3,Family 5,15,3,,,
5,Family 5,Family 3,15,3,,,
5,Family 5,Family 3,45,3,,,
5,Family 2,Community,15,2,,,
5,Family 2,Family 1,10,2,,,
5,Family 2,Family 0,80,2,,,
5,Family 1,Family 2,15,2,,,
5,Family 0,Family 2,15,2,,,
5,Family 3,Community,15,2,,,
5,Family 1,Family 0,90,1,,,
6,Family 9,Community,270,,,,
6,Family 9,Community,180,,,,
6,Family 9,Family 3,5,6,,,
6,Family 10,Family 0,40,,,,
6,Family 10,Family 1,40,,,,
6,Family 10,Family 2,40,,,,
6,Family 10,Family 3,40,,,,
6,Family 10,Family 5,40,,,,
6,Family 10,Community,100,,,,
6,Family 10,Family 0,2,6,,,
6,Family 10,Family 1,2,6,,,
6,Family 10,Family 2,2,6,,,
6,Family 10,Family 3,2,6,,,
6,Family 10,Family 5,2,6,,,
6,Family 10,Family 6,25,6,,,
6,Family 10,Family 7,15,6,,,
6,Family 7,Family 6,20,5,,,
6,Family 7,Family 3,20,5,,,
6,Family 7,Family 0,2,5,,,
6,Family 7,Family 1,2,5,,,
6,Family 7,Family 2,2,5,,,
6,Family 7,Family 3,2,5,,,
6,Family 7,Family 5,2,5,,,
6,Family 7,Family 6,260,5,,,
6,Family 8,Family 0,20,5,,,
6,Family 8,Family 1,5,5,,,
6,Family 8,Family 2,10,5,,,
6,Family 8,Community,15,5,,,
6,Family 6,Family 3,20,4,,,
6,Family 6,Family 0,2,4,,,
6,Family 6,Family 1,2,4,,,
6,Family 6,Family 2,2,4,,,
6,Family 6,Family 3,2,4,,,
6,Family 6,Family 5,2,4,,,
6,Family 4,Community,60,3,,,
6,Family 5,Family 3,50,3,,,
6,Family 3,Family 5,15,3,,,
6,Family 5,Family 3,15,3,,,
6,Family 5,Family 3,45,3,,,
6,Family 2,Community,15,2,,,
6,Family 2,Family 1,10,2,,,
6,Family 2,Family 0,80,2,,,
6,Family 1,Family 2,15,2,,,
6,Family 0,Family 2,15,2,,,
6,Family 3,Community,15,2,,,
6,Family 1,Family 0,90,1,,,
7,Family 11,Family 0,80,,,,
7,Family 11,Family 1,80,,,,
7,Family 11,Family 2,80,,,,
7,Family 11,Family 3,80,,,,
7,Family 11,Family 5,80,,,,
7,Family 11,Community,360,,,,
7,Family 11,Family 0,2,7,,,
7,Family 11,Family 1,2,7,,,
7,Family 11,Family 2,2,7,,,
7,Family 11,Family 3,2,7,,,
7,Family 11,Family 5,2,7,,,
7,Family 11,Family 6,25,7,,,
7,Family 11,Family 7,15,7,,,
7,Family 6,Family 11,60,7,,,
7,Family 7,Family 11,60,7,,,
7,Family 12,Community,270,,,,
7,Family 12,Community,90,7,,,
7,Family 8,Community,15,,,,
7,Family 12,Community,15,,,,
7,Family 12,Community,210,,,,
7,Family 12,Family 4,5,7,,,
7,Family 9,Family 3,5,6,,,
7,Family 10,Family 0,2,6,,,
7,Family 10,Family 1,2,6,,,
7,Family 10,Family 2,2,6,,,
7,Family 10,Family 3,2,6,,,
7,Family 10,Family 5,2,6,,,
7,Family 10,Family 6,25,6,,,
7,Family 10,Family 7,15,6,,,
7,Family 7,Family 6,20,5,,,
7,Family 7,Family 3,20,5,,,
7,Family 7,Family 0,2,5,,,
7,Family 7,Family 1,2,5,,,
7,Family 7,Family 2,2,5,,,
7,Family 7,Family 3,2,5,,,
7,Family 7,Family 5,2,5,,,
7,Family 7,Family 6,260,5,,,
7,Family 8,Family 0,20,5,,,
7,Family 8,Family 1,5,5,,,
7,Family 8,Family 2,10,5,,,
7,Family 8,Community,15,5,,,
7,Family 6,Family 3,20,4,,,
7,Family 6,Family 0,2,4,,,
7,Family 6,Family 1,2,4,,,
7,Family 6,Family 2,2,4,,,
7,Family 6,Family 3,2,4,,,
7,Family 6,Family 5,2,4,,,
7,Family 4,Community,60,3,,,
7,Family 5,Family 3,50,3,,,
7,Family 3,Family 5,15,3,,,
7,Family 5,Family 3,15,3,,,
7,Family 5,Family 3,45,3,,,
7,Family 2,Community,15,2,,,
7,Family 2,Family 1,10,2,,,
7,Family 2,Family 0,80,2,,,
7,Family 1,Family 2,15,2,,,
7,Family 0,Family 2,15,2,,,
7,Family 3,Community,15,2,,,
7,Family 1,Family 0,90,1,,,
8,Family 13,Community,440,,,,
8,Family 13,Community,240,,,,
8,Family 13,Community,30,8,,,
8,Family 14,Family 0,160,,,,
8,Family 14,Family 1,160,,,,
8,Family 14,Family 2,160,,,,
8,Family 14,Family 3,160,,,,
8,Family 14,Family 5,160,,,,
8,Family 14,Community,420,,,,
8,Family 14,Family 11,30,8,,,
8,Family 14,Family 0,2,8,,,
8,Family 14,Family 1,2,8,,,
8,Family 14,Family 2,2,8,,,
8,Family 14,Family 3,2,8,,,
8,Family 14,Family 5,2,8,,,
8,Family 11,Family 0,2,7,,,
8,Family 11,Family 1,2,7,,,
8,Family 11,Family 2,2,7,,,
8,Family 11,Family 3,2,7,,,
8,Family 11,Family 5,2,7,,,
8,Family 11,Family 6,25,7,,,
8,Family 11,Family 7,15,7,,,
8,Family 6,Family 11,60,7,,,
8,Family 7,Family 11,60,7,,,
8,Family 12,Community,90,7,,,
8,Family 12,Family 4,5,7,,,
8,Family 9,Family 3,5,6,,,
8,Family 10,Family 0,2,6,,,
8,Family 10,Family 1,2,6,,,
8,Family 10,Family 2,2,6,,,
8,Family 10,Family 3,2,6,,,
8,Family 10,Family 5,2,6,,,
8,Family 10,Family 6,25,6,,,
8,Family 10,Family 7,15,6,,,
8,Family 7,Family 6,20,5,,,
8,Family 7,Family 3,20,5,,,
8,Family 7,Family 0,2,5,,,
8,Family 7,Family 1,2,5,,,
8,Family 7,Family 2,2,5,,,
8,Family 7,Family 3,2,5,,,
8,Family 7,Family 5,2,5,,,
8,Family 7,Family 6,260,5,,,
8,Family 8,Family 0,20,5,,,
8,Family 8,Family 1,5,5,,,
8,Family 8,Family 2,10,5,,,
8,Family 8,Community,15,5,,,
8,Family 6,Family 3,20,4,,,
8,Family 6,Family 0,2,4,,,
8,Family 6,Family 1,2,4,,,
8,Family 6,Family 2,2,4,,,
8,Family 6,Family 3,2,4,,,
8,Family 6,Family 5,2,4,,,
8,Family 4,Community,60,3,,,
8,Family 5,Family 3,50,3,,,
8,Family 3,Family 5,15,3,,,
8,Family 5,Family 3,15,3,,,
8,Family 5,Family 3,45,3,,,
8,Family 2,Community,15,2,,,
8,Family 2,Family 1,10,2,,,
8,Family 2,Family 0,80,2,,,
8,Family 1,Family 2,15,2,,,
8,Family 0,Family 2,15,2,,,
8,Family 3,Community,15,2,,,
8,Family 1,Family 0,90,1,,,
9,Family 15,Community,440,,,,
9,Family 15,Community,390,,,,
9,Family 15,Family 13,10,9,,,
9,Family 15,Community,45,9,,,
9,Family 16,Family 0,160,,,,
9,Family 16,Family 1,160,,,,
9,Family 16,Family 2,160,,,,
9,Family 16,Family 3,160,,,,
9,Family 16,Family 5,160,,,,
9,Family 16,Community,540,,,,
9,Family 16,Family 0,2,9,,,
9,Family 16,Family 1,2,9,,,
9,Family 16,Family 2,2,9,,,
9,Family 16,Family 3,2,9,,,
9,Family 16,Family 5,2,9,,,
9,Family 16,Family 3,20,9,,,
9,Family 16,Family 6,120,9,,,
9,Family 16,Family 7,15,9,,,
9,Family 6,Family 16,24,9,,,
9,Family 7,Family 16,24,9,,,
9,Family 10,Family 16,24,9,,,
9,Family 11,Family 16,24,9,,,
9,Family 13,Family 16,24,9,,,
9,Family 13,Community,30,8,,,
9,Family 14,Family 11,30,8,,,
9,Family 14,Family 0,2,8,,,
9,Family 14,Family 1,2,8,,,
9,Family 14,Family 2,2,8,,,
9,Family 14,Family 3,2,8,,,
9,Family 14,Family 5,2,8,,,
9,Family 11,Family 0,2,7,,,
9,Family 11,Family 1,2,7,,,
9,Family 11,Family 2,2,7,,,
9,Family 11,Family 3,2,7,,,
9,Family 11,Family 5,2,7,,,
9,Family 11,Family 6,25,7,,,
9,Family 11,Family 7,15,7,,,
9,Family 6,Family 11,60,7,,,
9,Family 7,Family 11,60,7,,,
9,Family 12,Community,90,7,,,
9,Family 12,Family 4,5,7,,,
9,Family 9,Family 3,5,6,,,
9,Family 10,Family 0,2,6,,,
9,Family 10,Family 1,2,6,,,
9,Family 10,Family 2,2,6,,,
9,Family 10,Family 3,2,6,,,
9,Family 10,Family 5,2,6,,,
9,Family 10,Family 6,25,6,,,
9,Family 10,Family 7,15,6,,,
9,Family 7,Family 6,20,5,,,
9,Family 7,Family 3,20,5,,,
9,Family 7,Family 0,2,5,,,
9,Family 7,Family 1,2,5,,,
9,Family 7,Family 2,2,5,,,
9,Family 7,Family 3,2,5,,,
9,Family 7,Family 5,2,5,,,
9,Family 7,Family 6,260,5,,,
9,Family 8,Family 0,20,5,,,
9,Family 8,Family 1,5,5,,,
9,Family 8,Family 2,10,5,,,
9,Family 8,Community,15,5,,,
9,Family 6,Family 3,20,4,,,
9,Family 6,Family 0,2,4,,,
9,Family 6,Family 1,2,4,,,
9,Family 6,Family 2,2,4,,,
9,Family 6,Family 3,2,4,,,
9,Family 6,Family 5,2,4,,,
9,Family 4,Community,60,3,,,
9,Family 5,Family 3,50,3,,,
9,Family 3,Family 5,15,3,,,
9,Family 5,Family 3,15,3,,,
9,Family 5,Family 3,45,3,,,
9,Family 2,Community,15,2,,,
9,Family 2,Family 1,10,2,,,
9,Family 2,Family 0,80,2,,,
9,Family 1,Family 2,15,2,,,
9,Family 0,Family 2,15,2,,,
9,Family 3,Community,15,2,,,
9,Family 1,Family 0,90,1,,,
10,Family 4,Community,360,,,,
10,Family 13,Community,360,,,,
10,Family 15,Community,360,,,,
10,Family 15,Family 13,10,9,,,
10,Family 15,Community,45,9,,,
10,Family 16,Family 0,2,9,,,
10,Family 16,Family 1,2,9,,,
10,Family 16,Family 2,2,9,,,
10,Family 16,Family 3,2,9,,,
10,Family 16,Family 5,2,9,,,
10,Family 16,Family 3,20,9,,,
10,Family 16,Family 6,120,9,,,
10,Family 16,Family 7,15,9,,,
10,Family 6,Family 16,24,9,,,
10,Family 7,Family 16,24,9,,,
10,Family 10,Family 16,24,9,,,
10,Family 11,Family 16,24,9,,,
10,Family 13,Family 16,24,9,,,
10,Family 13,Community,30,8,,,
10,Family 14,Family 11,30,8,,,
10,Family 14,Family 0,2,8,,,
10,Family 14,Family 1,2,8,,,
10,Family 14,Family 2,2,8,,,
10,Family 14,Family 3,2,8,,,
10,Family 14,Family 5,2,8,,,
10,Family 11,Family 0,2,7,,,
10,Family 11,Family 1,2,7,,,
10,Family 11,Family 2,2,7,,,
10,Family 11,Family 3,2,7,,,
10,Family 11,Family 5,2,7,,,
10,Family 11,Family 6,25,7,,,
10,Family 11,Family 7,15,7,,,
10,Family 6,Family 11,60,7,,,
10,Family 7,Family 11,60,7,,,
10,Family 12,Community,90,7,,,
10,Family 12,Family 4,5,7,,,
10,Family 9,Family 3,5,6,,,
10,Family 10,Family 0,2,6,,,
10,Family 10,Family 1,2,6,,,
10,Family 10,Family 2,2,6,,,
10,Family 10,Family 3,2,6,,,
10,Family 10,Family 5,2,6,,,
10,Family 10,Family 6,25,6,,,
10,Family 10,Family 7,15,6,,,
10,Family 7,Family 6,20,5,,,
10,Family 7,Family 3,20,5,,,
10,Family 7,Family 0,2,5,,,
10,Family 7,Family 1,2,5,,,
10,Family 7,Family 2,2,5,,,
10,Family 7,Family 3,2,5,,,
10,Family 7,Family 5,2,5,,,
10,Family 7,Family 6,260,5,,,
10,Family 8,Family 0,20,5,,,
10,Family 8,Family 1,5,5,,,
10,Family 8,Family 2,10,5,,,
10,Family 8,Community,15,5,,,
10,Family 6,Family 3,20,4,,,
10,Family 6,Family 0,2,4,,,
10,Family 6,Family 1,2,4,,,
10,Family 6,Family 2,2,4,,,
10,Family 6,Family 3,2,4,,,
10,Family 6,Family 5,2,4,,,
10,Family 4,Community,60,3,,,
10,Family 5,Family 3,50,3,,,
10,Family 3,Family 5,15,3,,,
10,Family 5,Family 3,15,3,,,
10,Family 5,Family 3,45,3,,,
10,Family 2,Community,15,2,,,
10,Family 2,Family 1,10,2,,,
10,Family 2,Family 0,80,2,,,
10,Family 1,Family 2,15,2,,,
10,Family 0,Family 2,15,2,,,
10,Family 3,Community,15,2,,,
10,Family 1,Family 0,90,1,,,
11,Family 17,Family 4,333,,,,
11,Family 17,Family 13,333,,,,
11,Family 17,Family 15,333,,,,
11,Family 17,Community,720,,,,
11,Family 17,Family 4,8,11,,,
11,Family 17,Family 13,8,11,,,
11,Family 17,Family 15,8,11,,,
11,Family 18,Family 4,200,,,,
11,Family 18,Family 13,200,,,,
11,Family 18,Family 15,200,,,,
11,Family 18,Community,720,,,,
11,Family 18,Family 4,8,11,,,
11,Family 18,Family 13,8,11,,,
11,Family 18,Family 15,8,11,,,
11,Family 18,Family 17,45,11,,,
11,Family 15,Family 13,10,9,,,
11,Family 15,Community,45,9,,,
11,Family 16,Family 0,2,9,,,
11,Family 16,Family 1,2,9,,,
11,Family 16,Family 2,2,9,,,
11,Family 16,Family 3,2,9,,,
11,Family 16,Family 5,2,9,,,
11,Family 16,Family 3,20,9,,,
11,Family 16,Family 6,120,9,,,
11,Family 16,Family 7,15,9,,,
11,Family 6,Family 16,24,9,,,
11,Family 7,Family 16,24,9,,,
11,Family 10,Family 16,24,9,,,
11,Family 11,Family 16,24,9,,,
11,Family 13,Family 16,24,9,,,
11,Family 13,Community,30,8,,,
11,Family 14,Family 11,30,8,,,
11,Family 14,Family 0,2,8,,,
11,Family 14,Family 1,2,8,,,
11,Family 14,Family 2,2,8,,,
11,Family 14,Family 3,2,8,,,
11,Family 14,Family 5,2,8,,,
11,Family 11,Family 0,2,7,,,
11,Family 11,Family 1,2,7,,,
11,Family 11,Family 2,2,7,,,
11,Family 11,Family 3,2,7,,,
11,Family 11,Family 5,2,7,,,
11,Family 11,Family 6,25,7,,,
11,Family 11,Family 7,15,7,,,
11,Family 6,Family 11,60,7,,,
11,Family 7,Family 11,60,7,,,
11,Family 12,Community,90,7,,,
11,Family 12,Family 4,5,7,,,
11,Family 9,Family 3,5,6,,,
11,Family 10,Family 0,2,6,,,
11,Family 10,Family 1,2,6,,,
11,Family 10,Family 2,2,6,,,
11,Family 10,Family 3,2,6,,,
11,Family 10,Family 5,2,6,,,
11,Family 10,Family 6,25,6,,,
11,Family 10,Family 7,15,6,,,
11,Family 7,Family 6,20,5,,,
11,Family 7,Family 3,20,5,,,
11,Family 7,Family 0,2,5,,,
11,Family 7,Family 1,2,5,,,
11,Family 7,Family 2,2,5,,,
11,Family 7,Family 3,2,5,,,
11,Family 7,Family 5,2,5,,,
11,Family 7,Family 6,260,5,,,
11,Family 8,Family 0,20,5,,,
11,Family 8,Family 1,5,5,,,
11,Family 8,Family 2,10,5,,,
11,Family 8,Community,15,5,,,
11,Family 6,Family 3,20,4,,,
11,Family 6,Family 0,2,4,,,
11,Family 6,Family 1,2,4,,,
11,Family 6,Family 2,2,4,,,
11,Family 6,Family 3,2,4,,,
11,Family 6,Family 5,2,4,,,
11,Family 4,Community,60,3,,,
11,Family 5,Family 3,50,3,,,
11,Family 3,Family 5,15,3,,,
11,Family 5,Family 3,15,3,,,
11,Family 5,Family 3,45,3,,,
11,Family 2,Community,15,2,,,
11,Family 2,Family 1,10,2,,,
11,Family 2,Family 0,80,2,,,
11,Family 1,Family 2,15,2,,,
11,Family 0,Family 2,15,2,,,
11,Family 3,Community,15,2,,,
11,Family 1,Family 0,90,1,,,
12,Family 19,Family 4,266,,,,
12,Family 19,Family 13,266,,,,
12,Family 19,Family 15,266,,,,
12,Family 19,Community,480,,,,
12,Family 19,Family 4,8,12,,,
12,Family 19,Family 13,8,12,,,
12,Family 19,Family 15,8,12,,,
12,Family 19,Family 17,45,12,,,
12,Family 17,Family 19,45,12,,,
12,Family 18,Family 19,45,12,,,
12,Family 20,Community,410,,,,
12,Family 20,Community,15,12,,,
12,Family 17,Family 4,8,11,,,
12,Family 17,Family 13,8,11,,,
12,Family 17,Family 15,8,11,,,
12,Family 18,Family 4,8,11,,,
12,Family 18,Family 13,8,11,,,
12,Family 18,Family 15,8,11,,,
12,Family 18,Family 17,45,11,,,
12,Family 15,Family 13,10,9,,,
12,Family 15,Community,45,9,,,
12,Family 16,Family 0,2,9,,,
12,Family 16,Family 1,2,9,,,
12,Family 16,Family 2,2,9,,,
12,Family 16,Family 3,2,9,,,
12,Family 16,Family 5,2,9,,,
12,Family 16,Family 3,20,9,,,
12,Family 16,Family 6,120,9,,,
12,Family 16,Family 7,15,9,,,
12,Family 6,Family 16,24,9,,,
12,Family 7,Family 16,24,9,,,
12,Family 10,Family 16,24,9,,,
12,Family 11,Family 16,24,9,,,
12,Family 13,Family 16,24,9,,,
12,Family 13,Community,30,8,,,
12,Family 14,Family 11,30,8,,,
12,Family 14,Family 0,2,8,,,
12,Family 14,Family 1,2,8,,,
12,Family 14,Family 2,2,8,,,
12,Family 14,Family 3,2,8,,,
12,Family 14,Family 5,2,8,,,
12,Family 11,Family 0,2,7,,,
12,Family 11,Family 1,2,7,,,
12,Family 11,Family 2,2,7,,,
12,Family 11,Family 3,2,7,,,
12,Family 11,Family 5,2,7,,,
12,Family 11,Family 6,25,7,,,
12,Family 11,Family 7,15,7,,,
12,Family 6,Family 11,60,7,,,
12,Family 7,Family 11,60,7,,,
12,Family 12,Community,90,7,,,
12,Family 12,Family 4,5,7,,,
12,Family 9,Family 3,5,6,,,
12,Family 10,Family 0,2,6,,,
12,Family 10,Family 1,2,6,,,
12,Family 10,Family 2,2,6,,,
12,Family 10,Family 3,2,6,,,
12,Family 10,Family 5,2,6,,,
12,Family 10,Family 6,25,6,,,
12,Family 10,Family 7,15,6,,,
12,Family 7,Family 6,20,5,,,
12,Family 7,Family 3,20,5,,,
12,Family 7,Family 0,2,5,,,
12,Family 7,Family 1,2,5,,,
12,Family 7,Family 2,2,5,,,
12,Family 7,Family 3,2,5,,,
12,Family 7,Family 5,2,5,,,
12,Family 7,Family 6,260,5,,,
12,Family 8,Family 0,20,5,,,
12,Family 8,Family 1,5,5,,,
12,Family 8,Family 2,10,5,,,
12,Family 8,Community,15,5,,,
12,Family 6,Family 3,20,4,,,
12,Family 6,Family 0,2,4,,,
12,Family 6,Family 1,2,4,,,
12,Family 6,Family 2,2,4,,,
12,Family 6,Family 3,2,4,,,
12,Family 6,Family 5,2,4,,,
12,Family 4,Community,60,3,,,
12,Family 5,Family 3,50,3,,,
12,Family 3,Family 5,15,3,,,
12,Family 5,Family 3,15,3,,,
12,Family 5,Family 3,45,3,,,
12,Family 2,Community,15,2,,,
12,Family 2,Family 1,10,2,,,
12,Family 2,Family 0,80,2,,,
12,Family 1,Family 2,15,2,,,
12,Family 0,Family 2,15,2,,,
12,Family 3,Community,15,2,,,
12,Family 1,Family 0,90,1,,,
13,Family 21,Family 20,30,13,,,
13,Family 21,Community,220,,,,
13,Family 22,Community,150,,,,
13,Family 21,Family 22,15,13,,,
13,Family 22,Community,15,13,,,
13,Family 22,Family 20,30,13,,,
13,Family 22,Community,100,,,,
13,Family 22,Community,95,,,,
13,Family 21,Community,95,,,,
13,Family 20,Family 21,8,13,,,
13,Family 20,Family 22,8,13,,,
13,Family 22,Family 20,20,13,,,
13,Family 22,Community,15,13,,,
13,Family 22,Community,15,13,,,
13,Family 19,Family 4,8,12,,,
13,Family 19,Family 13,8,12,,,
13,Family 19,Family 15,8,12,,,
13,Family 19,Family 17,45,12,,,
13,Family 17,Family 19,45,12,,,
13,Family 18,Family 19,45,12,,,
13,Family 20,Community,15,12,,,
13,Family 17,Family 4,8,11,,,
13,Family 17,Family 13,8,11,,,
13,Family 17,Family 15,8,11,,,
13,Family 18,Family 4,8,11,,,
13,Family 18,Family 13,8,11,,,
13,Family 18,Family 15,8,11,,,
13,Family 18,Family 17,45,11,,,
13,Family 15,Family 13,10,9,,,
13,Family 15,Community,45,9,,,
13,Family 16,Family 0,2,9,,,
13,Family 16,Family 1,2,9,,,
13,Family 16,Family 2,2,9,,,
13,Family 16,Family 3,2,9,,,
13,Family 16,Family 5,2,9,,,
13,Family 16,Family 3,20,9,,,
13,Family 16,Family 6,120,9,,,
13,Family 16,Family 7,15,9,,,
13,Family 6,Family 16,24,9,,,
13,Family 7,Family 16,24,9,,,
13,Family 10,Family 16,24,9,,,
13,Family 11,Family 16,24,9,,,
13,Family 13,Family 16,24,9,,,
13,Family 13,Community,30,8,,,
13,Family 14,Family 11,30,8,,,
13,Family 14,Family 0,2,8,,,
13,Family 14,Family 1,2,8,,,
13,Family 14,Family 2,2,8,,,
13,Family 14,Family 3,2,8,,,
13,Family 14,Family 5,2,8,,,
13,Family 11,Family 0,2,7,,,
13,Family 11,Family 1,2,7,,,
13,Family 11,Family 2,2,7,,,
13,Family 11,Family 3,2,7,,,
13,Family 11,Family 5,2,7,,,
13,Family 11,Family 6,25,7,,,
13,Family 11,Family 7,15,7,,,
13,Family 6,Family 11,60,7,,,
13,Family 7,Family 11,60,7,,,
13,Family 12,Community,90,7,,,
13,Family 12,Family 4,5,7,,,
13,Family 9,Family 3,5,6,,,
13,Family 10,Family 0,2,6,,,
13,Family 10,Family 1,2,6,,,
13,Family 10,Family 2,2,6,,,
13,Family 10,Family 3,2,6,,,
13,Family 10,Family 5,2,6,,,
13,Family 10,Family 6,25,6,,,
13,Family 10,Family 7,15,6,,,
13,Family 7,Family 6,20,5,,,
13,Family 7,Family 3,20,5,,,
13,Family 7,Family 0,2,5,,,
13,Family 7,Family 1,2,5,,,
13,Family 7,Family 2,2,5,,,
13,Family 7,Family 3,2,5,,,
13,Family 7,Family 5,2,5,,,
13,Family 7,Family 6,260,5,,,
13,Family 8,Family 0,20,5,,,
13,Family 8,Family 1,5,5,,,
13,Family 8,Family 2,10,5,,,
13,Family 8,Community,15,5,,,
13,Family 6,Family 3,20,4,,,
13,Family 6,Family 0,2,4,,,
13,Family 6,Family 1,2,4,,,
13,Family 6,Family 2,2,4,,,
13,Family 6,Family 3,2,4,,,
13,Family 6,Family 5,2,4,,,
13,Family 4,Community,60,3,,,
13,Family 5,Family 3,50,3,,,
13,Family 3,Family 5,15,3,,,
13,Family 5,Family 3,15,3,,,
13,Family 5,Family 3,45,3,,,
13,Family 2,Community,15,2,,,
13,Family 2,Family 1,10,2,,,
13,Family 2,Family 0,80,2,,,
13,Family 1,Family 2,15,2,,,
13,Family 0,Family 2,15,2,,,
13,Family 3,Community,15,2,,,
13,Family 1,Family 0,90,1,,,
14,Family 23,Community,370,,,,
14,Family 23,Community,370,,,,
14,Family 23,Community,30,14,,,
14,Family 23,Family 22,5,14,,,
14,Family 23,Family 21,5,14,,,
14,Family 23,Family 20,20,14,,,
14,Family 22,Family 23,15,14,,,
14,Family 21,Family 23,15,14,,,
14,Family 20,Family 23,15,14,,,
14,Family 23,Family 21,15,14,,,
14,Family 21,Family 22,15,13,,,
14,Family 22,Community,15,13,,,
14,Family 22,Family 20,30,13,,,
14,Family 22,Community,100,,,,
14,Family 22,Community,95,,,,
14,Family 21,Community,95,,,,
14,Family 20,Family 21,8,13,,,
14,Family 20,Family 22,8,13,,,
14,Family 22,Family 20,20,13,,,
14,Family 22,Community,15,13,,,
14,Family 22,Community,15,13,,,
14,Family 19,Family 4,8,12,,,
14,Family 19,Family 13,8,12,,,
14,Family 19,Family 15,8,12,,,
14,Family 19,Family 17,45,12,,,
14,Family 17,Family 19,45,12,,,
14,Family 18,Family 19,45,12,,,
14,Family 20,Community,15,12,,,
14,Family 17,Family 4,8,11,,,
14,Family 17,Family 13,8,11,,,
14,Family 17,Family 15,8,11,,,
14,Family 18,Family 4,8,11,,,
14,Family 18,Family 13,8,11,,,
14,Family 18,Family 15,8,11,,,
14,Family 18,Family 17,45,11,,,
14,Family 15,Family 13,10,9,,,
14,Family 15,Community,45,9,,,
14,Family 16,Family 0,2,9,,,
14,Family 16,Family 1,2,9,,,
14,Family 16,Family 2,2,9,,,
14,Family 16,Family 3,2,9,,,
14,Family 16,Family 5,2,9,,,
14,Family 16,Family 3,20,9,,,
14,Family 16,Family 6,120,9,,,
14,Family 16,Family 7,15,9,,,
14,Family 6,Family 16,24,9,,,
14,Family 7,Family 16,24,9,,,
14,Family 10,Family 16,24,9,,,
14,Family 11,Family 16,24,9,,,
14,Family 13,Family 16,24,9,,,
14,Family 13,Community,30,8,,,
14,Family 14,Family 11,30,8,,,
14,Family 14,Family 0,2,8,,,
14,Family 14,Family 1,2,8,,,
14,Family 14,Family 2,2,8,,,
14,Family 14,Family 3,2,8,,,
14,Family 14,Family 5,2,8,,,
14,Family 11,Family 0,2,7,,,
14,Family 11,Family 1,2,7,,,
14,Family 11,Family 2,2,7,,,
14,Family 11,Family 3,2,7,,,
14,Family 11,Family 5,2,7,,,
14,Family 11,Family 6,25,7,,,
14,Family 11,Family 7,15,7,,,
14,Family 6,Family 11,60,7,,,
14,Family 7,Family 11,60,7,,,
14,Family 12,Community,90,7,,,
14,Family 12,Family 4,5,7,,,
14,Family 9,Family 3,5,6,,,
14,Family 10,Family 0,2,6,,,
14,Family 10,Family 1,2,6,,,
14,Family 10,Family 2,2,6,,,
14,Family 10,Family 3,2,6,,,
14,Family 10,Family 5,2,6,,,
14,Family 10,Family 6,25,6,,,
14,Family 10,Family 7,15,6,,,
14,Family 7,Family 6,20,5,,,
14,Family 7,Family 3,20,5,,,
14,Family 7,Family 0,2,5,,,
14,Family 7,Family 1,2,5,,,
14,Family 7,Family 2,2,5,,,
14,Family 7,Family 3,2,5,,,
14,Family 7,Family 5,2,5,,,
14,Family 7,Family 6,260,5,,,
14,Family 8,Family 0,20,5,,,
14,Family 8,Family 1,5,5,,,
14,Family 8,Family 2,10,5,,,
14,Family 8,Community,15,5,,,
14,Family 6,Family 3,20,4,,,
14,Family 6,Family 0,2,4,,,
14,Family 6,Family 1,2,4,,,
14,Family 6,Family 2,2,4,,,
14,Family 6,Family 3,2,4,,,
14,Family 6,Family 5,2,4,,,
14,Family 4,Community,60,3,,,
14,Family 5,Family 3,50,3,,,
14,Family 3,Family 5,15,3,,,
14,Family 5,Family 3,15,3,,,
14,Family 5,Family 3,45,3,,,
14,Family 2,Community,15,2,,,
14,Family 2,Family 1,10,2,,,
14,Family 2,Family 0,80,2,,,
14,Family 1,Family 2,15,2,,,
14,Family 0,Family 2,15,2,,,
14,Family 3,Community,15,2,,,
14,Family 1,Family 0,90,1,,,
15,Family 24,Community,300,,,,
15,Family 24,Community,270,,,,
15,Family 24,Family 23,60,15,,,
15,Family 24,Community,30,15,,,
15,Family 24,Family 20,5,15,,,
15,Family 24,Family 20,30,15,,,
15,Family 24,Family 22,30,15,,,
15,Family 24,Family 22,30,15,,,
15,Family 20,Family 24,15,15,,,
15,Family 21,Family 24,15,15,,,
15,Family 22,Family 24,15,15,,,
15,Family 23,Family 24,30,15,,,
15,Family 20,Family 24,10,15,,,
15,Family 21,Family 24,10,15,,,
15,Family 22,Family 24,10,15,,,
15,Family 23,Family 24,10,15,,,
15,Family 25,Community,1060,,,,
15,Family 25,Family 24,10,15,,,
15,Family 21,Family 25,15,15,,,
15,Family 22,Family 25,15,15,,,
15,Family 23,Family 25,30,15,,,
15,Family 24,Family 25,30,15,,,
15,Family 25,Family 24,5,15,,,
15,Family 25,Family 23,5,15,,,
15,Family 25,Family 22,5,15,,,
15,Family 25,Community,90,15,,,
15,Family 23,Community,30,14,,,
15,Family 23,Family 22,5,14,,,
15,Family 23,Family 21,5,14,,,
15,Family 23,Family 20,20,14,,,
15,Family 22,Family 23,15,14,,,
15,Family 21,Family 23,15,14,,,
15,Family 20,Family 23,15,14,,,
15,Family 23,Family 21,15,14,,,
15,Family 21,Family 22,15,13,,,
15,Family 22,Community,15,13,,,
15,Family 22,Family 20,30,13,,,
15,Family 20,Family 21,8,13,,,
15,Family 20,Family 22,8,13,,,
15,Family 22,Family 20,20,13,,,
15,Family 22,Community,15,13,,,
15,Family 22,Community,15,13,,,
15,Family 19,Family 4,8,12,,,
15,Family 19,Family 13,8,12,,,
15,Family 19,Family 15,8,12,,,
15,Family 19,Family 17,45,12,,,
15,Family 17,Family 19,45,12,,,
15,Family 18,Family 19,45,12,,,
15,Family 20,Community,15,12,,,
15,Family 17,Family 4,8,11,,,
15,Family 17,Family 13,8,11,,,
15,Family 17,Family 15,8,11,,,
15,Family 18,Family 4,8,11,,,
15,Family 18,Family 13,8,11,,,
15,Family 18,Family 15,8,11,,,
15,Family 18,Family 17,45,11,,,
15,Family 15,Family 13,10,9,,,
15,Family 15,Community,45,9,,,
15,Family 16,Family 0,2,9,,,
15,Family 16,Family 1,2,9,,,
15,Family 16,Family 2,2,9,,,
15,Family 16,Family 3,2,9,,,
15,Family 16,Family 5,2,9,,,
15,Family 16,Family 3,20,9,,,
15,Family 16,Family 6,120,9,,,
15,Family 16,Family 7,15,9,,,
15,Family 6,Family 16,24,9,,,
15,Family 7,Family 16,24,9,,,
15,Family 10,Family 16,24,9,,,
15,Family 11,Family 16,24,9,,,
15,Family 13,Family 16,24,9,,,
15,Family 13,Community,30,8,,,
15,Family 14,Family 11,30,8,,,
15,Family 14,Family 0,2,8,,,
15,Family 14,Family 1,2,8,,,
15,Family 14,Family 2,2,8,,,
15,Family 14,Family 3,2,8,,,
15,Family 14,Family 5,2,8,,,
15,Family 11,Family 0,2,7,,,
15,Family 11,Family 1,2,7,,,
15,Family 11,Family 2,2,7,,,
15,Family 11,Family 3,2,7,,,
15,Family 11,Family 5,2,7,,,
15,Family 11,Family 6,25,7,,,
15,Family 11,Family 7,15,7,,,
15,Family 6,Family 11,60,7,,,
15,Family 7,Family 11,60,7,,,
15,Family 12,Community,90,7,,,
15,Family 12,Family 4,5,7,,,
15,Family 9,Family 3,5,6,,,
15,Family 10,Family 0,2,6,,,
15,Family 10,Family 1,2,6,,,
15,Family 10,Family 2,2,6,,,
15,Family 10,Family 3,2,6,,,
15,Family 10,Family 5,2,6,,,
15,Family 10,Family 6,25,6,,,
15,Family 10,Family 7,15,6,,,
15,Family 7,Family 6,20,5,,,
15,Family 7,Family 3,20,5,,,
15,Family 7,Family 0,2,5,,,
15,Family 7,Family 1,2,5,,,
15,Family 7,Family 2,2,5,,,
15,Family 7,Family 3,2,5,,,
15,Family 7,Family 5,2,5,,,
15,Family 7,Family 6,260,5,,,
15,Family 8,Family 0,20,5,,,
15,Family 8,Family 1,5,5,,,
15,Family 8,Family 2,10,5,,,
15,Family 8,Community,15,5,,,
15,Family 6,Family 3,20,4,,,
15,Family 6,Family 0,2,4,,,
15,Family 6,Family 1,2,4,,,
15,Family 6,Family 2,2,4,,,
15,Family 6,Family 3,2,4,,,
15,Family 6,Family 5,2,4,,,
15,Family 4,Community,60,3,,,
15,Family 5,Family 3,50,3,,,
15,Family 3,Family 5,15,3,,,
15,Family 5,Family 3,15,3,,,
15,Family 5,Family 3,45,3,,,
15,Family 2,Community,15,2,,,
15,Family 2,Family 1,10,2,,,
15,Family 2,Family 0,80,2,,,
15,Family 1,Family 2,15,2,,,
15,Family 0,Family 2,15,2,,,
15,Family 3,Community,15,2,,,
15,Family 1,Family 0,90,1,,,
16,Family 13,Community,350,,,,
16,Family 15,Community,350,,,,
16,Family 25,Community,350,,,,
16,Family 26,Family 13,400,,,,
16,Family 26,Family 15,400,,,,
16,Family 26,Family 25,400,,,,
16,Family 26,Community,660,,,,
16,Family 26,Family 13,11,16,,,
16,Family 26,Family 15,11,16,,,
16,Family 26,Family 25,11,16,,,
16,Family 24,Family 23,60,15,,,
16,Family 24,Community,30,15,,,
16,Family 24,Family 20,5,15,,,
16,Family 24,Family 20,30,15,,,
16,Family 24,Family 22,30,15,,,
16,Family 24,Family 22,30,15,,,
16,Family 20,Family 24,15,15,,,
16,Family 21,Family 24,15,15,,,
16,Family 22,Family 24,15,15,,,
16,Family 23,Family 24,30,15,,,
16,Family 20,Family 24,10,15,,,
16,Family 21,Family 24,10,15,,,
16,Family 22,Family 24,10,15,,,
16,Family 23,Family 24,10,15,,,
16,Family 25,Family 24,10,15,,,
16,Family 21,Family 25,15,15,,,
16,Family 22,Family 25,15,15,,,
16,Family 23,Family 25,30,15,,,
16,Family 24,Family 25,30,15,,,
16,Family 25,Family 24,5,15,,,
16,Family 25,Family 23,5,15,,,
16,Family 25,Family 22,5,15,,,
16,Family 25,Community,90,15,,,
16,Family 23,Community,30,14,,,
16,Family 23,Family 22,5,14,,,
16,Family 23,Family 21,5,14,,,
16,Family 23,Family 20,20,14,,,
16,Family 22,Family 23,15,14,,,
16,Family 21,Family 23,15,14,,,
16,Family 20,Family 23,15,14,,,
16,Family 23,Family 21,15,14,,,
16,Family 21,Family 22,15,13,,,
16,Family 22,Community,15,13,,,
16,Family 22,Family 20,30,13,,,
16,Family 20,Family 21,8,13,,,
16,Family 20,Family 22,8,13,,,
16,Family 22,Family 20,20,13,,,
16,Family 22,Community,15,13,,,
16,Family 22,Community,15,13,,,
16,Family 19,Family 4,8,12,,,
16,Family 19,Family 13,8,12,,,
16,Family 19,Family 15,8,12,,,
16,Family 19,Family 17,45,12,,,
16,Family 17,Family 19,45,12,,,
16,Family 18,Family 19,45,12,,,
16,Family 20,Community,15,12,,,
16,Family 17,Family 4,8,11,,,
16,Family 17,Family 13,8,11,,,
16,Family 17,Family 15,8,11,,,
16,Family 18,Family 4,8,11,,,
16,Family 18,Family 13,8,11,,,
16,Family 18,Family 15,8,11,,,
16,Family 18,Family 17,45,11,,,
16,Family 15,Family 13,10,9,,,
16,Family 15,Community,45,9,,,
16,Family 16,Family 0,2,9,,,
16,Family 16,Family 1,2,9,,,
16,Family 16,Family 2,2,9,,,
16,Family 16,Family 3,2,9,,,
16,Family 16,Family 5,2,9,,,
16,Family 16,Family 3,20,9,,,
16,Family 16,Family 6,120,9,,,
16,Family 16,Family 7,15,9,,,
16,Family 6,Family 16,24,9,,,
16,Family 7,Family 16,24,9,,,
16,Family 10,Family 16,24,9,,,
16,Family 11,Family 16,24,9,,,
16,Family 13,Family 16,24,9,,,
16,Family 13,Community,30,8,,,
16,Family 14,Family 11,30,8,,,
16,Family 14,Family 0,2,8,,,
16,Family 14,Family 1,2,8,,,
16,Family 14,Family 2,2,8,,,
16,Family 14,Family 3,2,8,,,
16,Family 14,Family 5,2,8,,,
16,Family 11,Family 0,2,7,,,
16,Family 11,Family 1,2,7,,,
16,Family 11,Family 2,2,7,,,
16,Family 11,Family 3,2,7,,,
16,Family 11,Family 5,2,7,,,
16,Family 11,Family 6,25,7,,,
16,Family 11,Family 7,15,7,,,
16,Family 6,Family 11,60,7,,,
16,Family 7,Family 11,60,7,,,
16,Family 12,Community,90,7,,,
16,Family 12,Family 4,5,7,,,
16,Family 9,Family 3,5,6,,,
16,Family 10,Family 0,2,6,,,
16,Family 10,Family 1,2,6,,,
16,Family 10,Family 2,2,6,,,
16,Family 10,Family 3,2,6,,,
16,Family 10,Family 5,2,6,,,
16,Family 10,Family 6,25,6,,,
16,Family 10,Family 7,15,6,,,
16,Family 7,Family 6,20,5,,,
16,Family 7,Family 3,20,5,,,
16,Family 7,Family 0,2,5,,,
16,Family 7,Family 1,2,5,,,
16,Family 7,Family 2,2,5,,,
16,Family 7,Family 3,2,5,,,
16,Family 7,Family 5,2,5,,,
16,Family 7,Family 6,260,5,,,
16,Family 8,Family 0,20,5,,,
16,Family 8,Family 1,5,5,,,
16,Family 8,Family 2,10,5,,,
16,Family 8,Community,15,5,,,
16,Family 6,Family 3,20,4,,,
16,Family 6,Family 0,2,4,,,
16,Family 6,Family 1,2,4,,,
16,Family 6,Family 2,2,4,,,
16,Family 6,Family 3,2,4,,,
16,Family 6,Family 5,2,4,,,
16,Family 4,Community,60,3,,,
16,Family 5,Family 3,50,3,,,
16,Family 3,Family 5,15,3,,,
16,Family 5,Family 3,15,3,,,
16,Family 5,Family 3,45,3,,,
16,Family 2,Community,15,2,,,
16,Family 2,Family 1,10,2,,,
16,Family 2,Family 0,80,2,,,
16,Family 1,Family 2,15,2,,,
16,Family 0,Family 2,15,2,,,
16,Family 3,Community,15,2,,,
16,Family 1,Family 0,90,1,,,
17,Family 27,Family 13,400,,,,
17,Family 27,Family 15,400,,,,
17,Family 27,Family 25,400,,,,
17,Family 27,Community,540,,,,
17,Family 27,Family 13,8,17,,,
17,Family 27,Family 15,8,17,,,
17,Family 27,Family 25,8,17,,,
17,Family 27,Family 26,60,17,,,
17,Family 26,Family 27,120,17,,,
17,Family 28,Family 13,133,,,,
17,Family 28,Family 15,133,,,,
17,Family 28,Family 25,133,,,,
17,Family 28,Family 13,13,17,,,
17,Family 28,Family 15,13,17,,,
17,Family 28,Family 25,13,17,,,
17,Family 28,Family 26,20,17,,,
17,Family 28,Family 27,5,17,,,
17,Family 28,Family 26,45,17,,,
17,Family 28,Family 27,45,17,,,
17,Family 26,Family 13,11,16,,,
17,Family 26,Family 15,11,16,,,
17,Family 26,Family 25,11,16,,,
17,Family 24,Family 23,60,15,,,
17,Family 24,Community,30,15,,,
17,Family 24,Family 20,5,15,,,
17,Family 24,Family 20,30,15,,,
17,Family 24,Family 22,30,15,,,
17,Family 24,Family 22,30,15,,,
17,Family 20,Family 24,15,15,,,
17,Family 21,Family 24,15,15,,,
17,Family 22,Family 24,15,15,,,
17,Family 23,Family 24,30,15,,,
17,Family 20,Family 24,10,15,,,
17,Family 21,Family 24,10,15,,,
17,Family 22,Family 24,10,15,,,
17,Family 23,Family 24,10,15,,,
17,Family 25,Family 24,10,15,,,
17,Family 21,Family 25,15,15,,,
17,Family 22,Family 25,15,15,,,
17,Family 23,Family 25,30,15,,,
17,Family 24,Family 25,30,15,,,
17,Family 25,Family 24,5,15,,,
17,Family 25,Family 23,5,15,,,
17,Family 25,Family 22,5,15,,,
17,Family 25,Community,90,15,,,
17,Family 23,Community,30,14,,,
17,Family 23,Family 22,5,14,,,
17,Family 23,Family 21,5,14,,,
17,Family 23,Family 20,20,14,,,
17,Family 22,Family 23,15,14,,,
17,Family 21,Family 23,15,14,,,
17,Family 20,Family 23,15,14,,,
17,Family 23,Family 21,15,14,,,
17,Family 21,Family 22,15,13,,,
17,Family 22,Community,15,13,,,
17,Family 22,Family 20,30,13,,,
17,Family 20,Family 21,8,13,,,
17,Family 20,Family 22,8,13,,,
17,Family 22,Family 20,20,13,,,
17,Family 22,Community,15,13,,,
17,Family 22,Community,15,13,,,
17,Family 19,Family 4,8,12,,,
17,Family 19,Family 13,8,12,,,
17,Family 19,Family 15,8,12,,,
17,Family 19,Family 17,45,12,,,
17,Family 17,Family 19,45,12,,,
17,Family 18,Family 19,45,12,,,
17,Family 20,Community,15,12,,,
17,Family 17,Family 4,8,11,,,
17,Family 17,Family 13,8,11,,,
17,Family 17,Family 15,8,11,,,
17,Family 18,Family 4,8,11,,,
17,Family 18,Family 13,8,11,,,
17,Family 18,Family 15,8,11,,,
17,Family 18,Family 17,45,11,,,
17,Family 15,Family 13,10,9,,,
17,Family 15,Community,45,9,,,
17,Family 16,Family 0,2,9,,,
17,Family 16,Family 1,2,9,,,
17,Family 16,Family 2,2,9,,,
17,Family 16,Family 3,2,9,,,
17,Family 16,Family 5,2,9,,,
17,Family 16,Family 3,20,9,,,
17,Family 16,Family 6,120,9,,,
17,Family 16,Family 7,15,9,,,
17,Family 6,Family 16,24,9,,,
17,Family 7,Family 16,24,9,,,
17,Family 10,Family 16,24,9,,,
17,Family 11,Family 16,24,9,,,
17,Family 13,Family 16,24,9,,,
17,Family 13,Community,30,8,,,
17,Family 14,Family 11,30,8,,,
17,Family 14,Family 0,2,8,,,
17,Family 14,Family 1,2,8,,,
17,Family 14,Family 2,2,8,,,
17,Family 14,Family 3,2,8,,,
17,Family 14,Family 5,2,8,,,
17,Family 11,Family 0,2,7,,,
17,Family 11,Family 1,2,7,,,
17,Family 11,Family 2,2,7,,,
17,Family 11,Family 3,2,7,,,
17,Family 11,Family 5,2,7,,,
17,Family 11,Family 6,25,7,,,
17,Family 11,Family 7,15,7,,,
17,Family 6,Family 11,60,7,,,
17,Family 7,Family 11,60,7,,,
17,Family 12,Community,90,7,,,
17,Family 12,Family 4,5,7,,,
17,Family 9,Family 3,5,6,,,
17,Family 10,Family 0,2,6,,,
17,Family 10,Family 1,2,6,,,
17,Family 10,Family 2,2,6,,,
17,Family 10,Family 3,2,6,,,
17,Family 10,Family 5,2,6,,,
17,Family 10,Family 6,25,6,,,
17,Family 10,Family 7,15,6,,,
17,Family 7,Family 6,20,5,,,
17,Family 7,Family 3,20,5,,,
17,Family 7,Family 0,2,5,,,
17,Family 7,Family 1,2,5,,,
17,Family 7,Family 2,2,5,,,
17,Family 7,Family 3,2,5,,,
17,Family 7,Family 5,2,5,,,
17,Family 7,Family 6,260,5,,,
17,Family 8,Family 0,20,5,,,
17,Family 8,Family 1,5,5,,,
17,Family 8,Family 2,10,5,,,
17,Family 8,Community,15,5,,,
17,Family 6,Family 3,20,4,,,
17,Family 6,Family 0,2,4,,,
17,Family 6,Family 1,2,4,,,
17,Family 6,Family 2,2,4,,,
17,Family 6,Family 3,2,4,,,
17,Family 6,Family 5,2,4,,,
17,Family 4,Community,60,3,,,
17,Family 5,Family 3,50,3,,,
17,Family 3,Family 5,15,3,,,
17,Family 5,Family 3,15,3,,,
17,Family 5,Family 3,45,3,,,
17,Family 2,Community,15,2,,,
17,Family 2,Family 1,10,2,,,
17,Family 2,Family 0,80,2,,,
17,Family 1,Family 2,15,2,,,
17,Family 0,Family 2,15,2,,,
17,Family 3,Community,15,2,,,
17,Family 1,Family 0,90,1,,,
18,Family 20,Community,244,,,,
18,Family 21,Community,244,,,,
18,Family 22,Community,244,,,,
18,Family 23,Community,244,,,,
18,Family 24,Community,244,,,,
18,Family 29,Family 20,240,,,,
18,Family 29,Family 21,240,,,,
18,Family 29,Family 22,240,,,,
18,Family 29,Family 23,240,,,,
18,Family 29,Family 24,240,,,,
18,Family 29,Community,840,,,,
18,Family 29,Family 20,22,18,,,
18,Family 29,Family 21,22,18,,,
18,Family 29,Family 22,22,18,,,
18,Family 29,Family 23,22,18,,,
18,Family 29,Family 24,22,18,,,
18,Family 27,Family 13,8,17,,,
18,Family 27,Family 15,8,17,,,
18,Family 27,Family 25,8,17,,,
18,Family 27,Family 26,60,17,,,
18,Family 26,Family 27,120,17,,,
18,Family 28,Family 13,13,17,,,
18,Family 28,Family 15,13,17,,,
18,Family 28,Family 25,13,17,,,
18,Family 28,Family 26,20,17,,,
18,Family 28,Family 27,5,17,,,
18,Family 28,Family 26,45,17,,,
18,Family 28,Family 27,45,17,,,
18,Family 26,Family 13,11,16,,,
18,Family 26,Family 15,11,16,,,
18,Family 26,Family 25,11,16,,,
18,Family 24,Family 23,60,15,,,
18,Family 24,Community,30,15,,,
18,Family 24,Family 20,5,15,,,
18,Family 24,Family 20,30,15,,,
18,Family 24,Family 22,30,15,,,
18,Family 24,Family 22,30,15,,,
18,Family 20,Family 24,15,15,,,
18,Family 21,Family 24,15,15,,,
18,Family 22,Family 24,15,15,,,
18,Family 23,Family 24,30,15,,,
18,Family 20,Family 24,10,15,,,
18,Family 21,Family 24,10,15,,,
18,Family 22,Family 24,10,15,,,
18,Family 23,Family 24,10,15,,,
18,Family 25,Family 24,10,15,,,
18,Family 21,Family 25,15,15,,,
18,Family 22,Family 25,15,15,,,
18,Family 23,Family 25,30,15,,,
18,Family 24,Family 25,30,15,,,
18,Family 25,Family 24,5,15,,,
18,Family 25,Family 23,5,15,,,
18,Family 25,Family 22,5,15,,,
18,Family 25,Community,90,15,,,
18,Family 23,Community,30,14,,,
18,Family 23,Family 22,5,14,,,
18,Family 23,Family 21,5,14,,,
18,Family 23,Family 20,20,14,,,
18,Family 22,Family 23,15,14,,,
18,Family 21,Family 23,15,14,,,
18,Family 20,Family 23,15,14,,,
18,Family 23,Family 21,15,14,,,
18,Family 21,Family 22,15,13,,,
18,Family 22,Community,15,13,,,
18,Family 22,Family 20,30,13,,,
18,Family 20,Family 21,8,13,,,
18,Family 20,Family 22,8,13,,,
18,Family 22,Family 20,20,13,,,
18,Family 22,Community,15,13,,,
18,Family 22,Community,15,13,,,
18,Family 19,Family 4,8,12,,,
18,Family 19,Family 13,8,12,,,
18,Family 19,Family 15,8,12,,,
18,Family 19,Family 17,45,12,,,
18,Family 17,Family 19,45,12,,,
18,Family 18,Family 19,45,12,,,
18,Family 20,Community,15,12,,,
18,Family 17,Family 4,8,11,,,
18,Family 17,Family 13,8,11,,,
18,Family 17,Family 15,8,11,,,
18,Family 18,Family 4,8,11,,,
18,Family 18,Family 13,8,11,,,
18,Family 18,Family 15,8,11,,,
18,Family 18,Family 17,45,11,,,
18,Family 15,Family 13,10,9,,,
18,Family 15,Community,45,9,,,
18,Family 16,Family 0,2,9,,,
18,Family 16,Family 1,2,9,,,
18,Family 16,Family 2,2,9,,,
18,Family 16,Family 3,2,9,,,
18,Family 16,Family 5,2,9,,,
18,Family 16,Family 3,20,9,,,
18,Family 16,Family 6,120,9,,,
18,Family 16,Family 7,15,9,,,
18,Family 6,Family 16,24,9,,,
18,Family 7,Family 16,24,9,,,
18,Family 10,Family 16,24,9,,,
18,Family 11,Family 16,24,9,,,
18,Family 13,Family 16,24,9,,,
18,Family 13,Community,30,8,,,
18,Family 14,Family 11,30,8,,,
18,Family 14,Family 0,2,8,,,
18,Family 14,Family 1,2,8,,,
18,Family 14,Family 2,2,8,,,
18,Family 14,Family 3,2,8,,,
18,Family 14,Family 5,2,8,,,
18,Family 11,Family 0,2,7,,,
18,Family 11,Family 1,2,7,,,
18,Family 11,Family 2,2,7,,,
18,Family 11,Family 3,2,7,,,
18,Family 11,Family 5,2,7,,,
18,Family 11,Family 6,25,7,,,
18,Family 11,Family 7,15,7,,,
18,Family 6,Family 11,60,7,,,
18,Family 7,Family 11,60,7,,,
18,Family 12,Community,90,7,,,
18,Family 12,Family 4,5,7,,,
18,Family 9,Family 3,5,6,,,
18,Family 10,Family 0,2,6,,,
18,Family 10,Family 1,2,6,,,
18,Family 10,Family 2,2,6,,,
18,Family 10,Family 3,2,6,,,
18,Family 10,Family 5,2,6,,,
18,Family 10,Family 6,25,6,,,
18,Family 10,Family 7,15,6,,,
18,Family 7,Family 6,20,5,,,
18,Family 7,Family 3,20,5,,,
18,Family 7,Family 0,2,5,,,
18,Family 7,Family 1,2,5,,,
18,Family 7,Family 2,2,5,,,
18,Family 7,Family 3,2,5,,,
18,Family 7,Family 5,2,5,,,
18,Family 7,Family 6,260,5,,,
18,Family 8,Family 0,20,5,,,
18,Family 8,Family 1,5,5,,,
18,Family 8,Family 2,10,5,,,
18,Family 8,Community,15,5,,,
18,Family 6,Family 3,20,4,,,
18,Family 6,Family 0,2,4,,,
18,Family 6,Family 1,2,4,,,
18,Family 6,Family 2,2,4,,,
18,Family 6,Family 3,2,4,,,
18,Family 6,Family 5,2,4,,,
18,Family 4,Community,60,3,,,
18,Family 5,Family 3,50,3,,,
18,Family 3,Family 5,15,3,,,
18,Family 5,Family 3,15,3,,,
18,Family 5,Family 3,45,3,,,
18,Family 2,Community,15,2,,,
18,Family 2,Family 1,10,2,,,
18,Family 2,Family 0,80,2,,,
18,Family 1,Family 2,15,2,,,
18,Family 0,Family 2,15,2,,,
18,Family 3,Community,15,2,,,
18,Family 1,Family 0,90,1,,,
19,Family 6,Community,90,,,,
19,Family 7,Community,90,,,,
19,Family 10,Community,90,,,,
19,Family 11,Community,90,,,,
19,Family 30,Family 20,80,,,,
19,Family 30,Family 21,80,,,,
19,Family 30,Family 22,80,,,,
19,Family 30,Family 23,80,,,,
19,Family 30,Family 24,80,,,,
19,Family 30,Community,240,,,,
19,Family 30,Family 20,16,19,,,
19,Family 30,Family 21,16,19,,,
19,Family 30,Family 22,16,19,,,
19,Family 30,Family 23,16,19,,,
19,Family 30,Family 24,16,19,,,
19,Family 29,Family 30,60,19,,,
19,Family 29,Family 20,22,18,,,
19,Family 29,Family 21,22,18,,,
19,Family 29,Family 22,22,18,,,
19,Family 29,Family 23,22,18,,,
19,Family 29,Family 24,22,18,,,
19,Family 27,Family 13,8,17,,,
19,Family 27,Family 15,8,17,,,
19,Family 27,Family 25,8,17,,,
19,Family 27,Family 26,60,17,,,
19,Family 26,Family 27,120,17,,,
19,Family 28,Family 13,13,17,,,
19,Family 28,Family 15,13,17,,,
19,Family 28,Family 25,13,17,,,
19,Family 28,Family 26,20,17,,,
19,Family 28,Family 27,5,17,,,
19,Family 28,Family 26,45,17,,,
19,Family 28,Family 27,45,17,,,
19,Family 26,Family 13,11,16,,,
19,Family 26,Family 15,11,16,,,
19,Family 26,Family 25,11,16,,,
19,Family 24,Family 23,60,15,,,
19,Family 24,Community,30,15,,,
19,Family 24,Family 20,5,15,,,
19,Family 24,Family 20,30,15,,,
19,Family 24,Family 22,30,15,,,
19,Family 24,Family 22,30,15,,,
19,Family 20,Family 24,15,15,,,
19,Family 21,Family 24,15,15,,,
19,Family 22,Family 24,15,15,,,
19,Family 23,Family 24,30,15,,,
19,Family 20,Family 24,10,15,,,
19,Family 21,Family 24,10,15,,,
19,Family 22,Family 24,10,15,,,
19,Family 23,Family 24,10,15,,,
19,Family 25,Family 24,10,15,,,
19,Family 21,Family 25,15,15,,,
19,Family 22,Family 25,15,15,,,
19,Family 23,Family 25,30,15,,,
19,Family 24,Family 25,30,15,,,
19,Family 25,Family 24,5,15,,,
19,Family 25,Family 23,5,15,,,
19,Family 25,Family 22,5,15,,,
19,Family 25,Community,90,15,,,
19,Family 23,Community,30,14,,,
19,Family 23,Family 22,5,14,,,
19,Family 23,Family 21,5,14,,,
19,Family 23,Family 20,20,14,,,
19,Family 22,Family 23,15,14,,,
19,Family 21,Family 23,15,14,,,
19,Family 20,Family 23,15,14,,,
19,Family 23,Family 21,15,14,,,
19,Family 21,Family 22,15,13,,,
19,Family 22,Community,15,13,,,
19,Family 22,Family 20,30,13,,,
19,Family 20,Family 21,8,13,,,
19,Family 20,Family 22,8,13,,,
19,Family 22,Family 20,20,13,,,
19,Family 22,Community,15,13,,,
19,Family 22,Community,15,13,,,
19,Family 19,Family 4,8,12,,,
19,Family 19,Family 13,8,12,,,
19,Family 19,Family 15,8,12,,,
19,Family 19,Family 17,45,12,,,
19,Family 17,Family 19,45,12,,,
19,Family 18,Family 19,45,12,,,
19,Family 20,Community,15,12,,,
19,Family 17,Family 4,8,11,,,
19,Family 17,Family 13,8,11,,,
19,Family 17,Family 15,8,11,,,
19,Family 18,Family 4,8,11,,,
19,Family 18,Family 13,8,11,,,
19,Family 18,Family 15,8,11,,,
19,Family 18,Family 17,45,11,,,
19,Family 15,Family 13,10,9,,,
19,Family 15,Community,45,9,,,
19,Family 16,Family 0,2,9,,,
19,Family 16,Family 1,2,9,,,
19,Family 16,Family 2,2,9,,,
19,Family 16,Family 3,2,9,,,
19,Family 16,Family 5,2,9,,,
19,Family 16,Family 3,20,9,,,
19,Family 16,Family 6,120,9,,,
19,Family 16,Family 7,15,9,,,
19,Family 6,Family 16,24,9,,,
19,Family 7,Family 16,24,9,,,
19,Family 10,Family 16,24,9,,,
19,Family 11,Family 16,24,9,,,
19,Family 13,Family 16,24,9,,,
19,Family 13,Community,30,8,,,
19,Family 14,Family 11,30,8,,,
19,Family 14,Family 0,2,8,,,
19,Family 14,Family 1,2,8,,,
19,Family 14,Family 2,2,8,,,
19,Family 14,Family 3,2,8,,,
19,Family 14,Family 5,2,8,,,
19,Family 11,Family 0,2,7,,,
19,Family 11,Family 1,2,7,,,
19,Family 11,Family 2,2,7,,,
19,Family 11,Family 3,2,7,,,
19,Family 11,Family 5,2,7,,,
19,Family 11,Family 6,25,7,,,
19,Family 11,Family 7,15,7,,,
19,Family 6,Family 11,60,7,,,
19,Family 7,Family 11,60,7,,,
19,Family 12,Community,90,7,,,
19,Family 12,Family 4,5,7,,,
19,Family 9,Family 3,5,6,,,
19,Family 10,Family 0,2,6,,,
19,Family 10,Family 1,2,6,,,
19,Family 10,Family 2,2,6,,,
19,Family 10,Family 3,2,6,,,
19,Family 10,Family 5,2,6,,,
19,Family 10,Family 6,25,6,,,
19,Family 10,Family 7,15,6,,,
19,Family 7,Family 6,20,5,,,
19,Family 7,Family 3,20,5,,,
19,Family 7,Family 0,2,5,,,
19,Family 7,Family 1,2,5,,,
19,Family 7,Family 2,2,5,,,
19,Family 7,Family 3,2,5,,,
19,Family 7,Family 5,2,5,,,
19,Family 7,Family 6,260,5,,,
19,Family 8,Family 0,20,5,,,
19,Family 8,Family 1,5,5,,,
19,Family 8,Family 2,10,5,,,
19,Family 8,Community,15,5,,,
19,Family 6,Family 3,20,4,,,
19,Family 6,Family 0,2,4,,,
19,Family 6,Family 1,2,4,,,
19,Family 6,Family 2,2,4,,,
19,Family 6,Family 3,2,4,,,
19,Family 6,Family 5,2,4,,,
19,Family 4,Community,60,3,,,
19,Family 5,Family 3,50,3,,,
19,Family 3,Family 5,15,3,,,
19,Family 5,Family 3,15,3,,,
19,Family 5,Family 3,45,3,,,
19,Family 2,Community,15,2,,,
19,Family 2,Family 1,10,2,,,
19,Family 2,Family 0,80,2,,,
19,Family 1,Family 2,15,2,,,
19,Family 0,Family 2,15,2,,,
19,Family 3,Community,15,2,,,
19,Family 1,Family 0,90,1,,,
20,Family 31,Family 20,80,,,,
20,Family 31,Family 21,80,,,,
20,Family 31,Family 22,80,,,,
20,Family 31,Family 23,80,,,,
20,Family 31,Family 24,80,,,,
20,Family 31,Community,360,,,,
20,Family 31,Family 20,16,20,,,
20,Family 31,Family 21,16,20,,,
20,Family 31,Family 22,16,20,,,
20,Family 31,Family 23,16,20,,,
20,Family 31,Family 24,16,20,,,
20,Family 31,Family 30,30,20,,,
20,Family 31,Family 29,30,20,,,
20,Family 29,Family 31,60,20,,,
20,Family 30,Family 31,30,20,,,
20,Family 32,Family 20,80,,,,
20,Family 32,Family 21,80,,,,
20,Family 32,Family 22,80,,,,
20,Family 32,Family 23,80,,,,
20,Family 32,Family 24,80,,,,
20,Family 32,Community,360,,,,
20,Family 32,Family 20,8,20,,,
20,Family 32,Family 21,8,20,,,
20,Family 32,Family 22,8,20,,,
20,Family 32,Family 23,8,20,,,
20,Family 32,Family 24,8,20,,,
20,Family 32,Family 29,30,20,,,
20,Family 32,Family 30,30,20,,,
20,Family 32,Family 31,30,20,,,
20,Family 29,Family 32,30,20,,,
20,Family 30,Family 32,30,20,,,
20,Family 31,Family 32,30,20,,,
20,Family 30,Family 20,16,19,,,
20,Family 30,Family 21,16,19,,,
20,Family 30,Family 22,16,19,,,
20,Family 30,Family 23,16,19,,,
20,Family 30,Family 24,16,19,,,
20,Family 29,Family 30,60,19,,,
20,Family 29,Family 20,22,18,,,
20,Family 29,Family 21,22,18,,,
20,Family 29,Family 22,22,18,,,
20,Family 29,Family 23,22,18,,,
20,Family 29,Family 24,22,18,,,
20,Family 27,Family 13,8,17,,,
20,Family 27,Family 15,8,17,,,
20,Family 27,Family 25,8,17,,,
20,Family 27,Family 26,60,17,,,
20,Family 26,Family 27,120,17,,,
20,Family 28,Family 13,13,17,,,
20,Family 28,Family 15,13,17,,,
20,Family 28,Family 25,13,17,,,
20,Family 28,Family 26,20,17,,,
20,Family 28,Family 27,5,17,,,
20,Family 28,Family 26,45,17,,,
20,Family 28,Family 27,45,17,,,
20,Family 26,Family 13,11,16,,,
20,Family 26,Family 15,11,16,,,
20,Family 26,Family 25,11,16,,,
20,Family 24,Family 23,60,15,,,
20,Family 24,Community,30,15,,,
20,Family 24,Family 20,5,15,,,
20,Family 24,Family 20,30,15,,,
20,Family 24,Family 22,30,15,,,
20,Family 24,Family 22,30,15,,,
20,Family 20,Family 24,15,15,,,
20,Family 21,Family 24,15,15,,,
20,Family 22,Family 24,15,15,,,
20,Family 23,Family 24,30,15,,,
20,Family 20,Family 24,10,15,,,
20,Family 21,Family 24,10,15,,,
20,Family 22,Family 24,10,15,,,
20,Family 23,Family 24,10,15,,,
20,Family 25,Family 24,10,15,,,
20,Family 21,Family 25,15,15,,,
20,Family 22,Family 25,15,15,,,
20,Family 23,Family 25,30,15,,,
20,Family 24,Family 25,30,15,,,
20,Family 25,Family 24,5,15,,,
20,Family 25,Family 23,5,15,,,
20,Family 25,Family 22,5,15,,,
20,Family 25,Community,90,15,,,
20,Family 23,Community,30,14,,,
20,Family 23,Family 22,5,14,,,
20,Family 23,Family 21,5,14,,,
20,Family 23,Family 20,20,14,,,
20,Family 22,Family 23,15,14,,,
20,Family 21,Family 23,15,14,,,
20,Family 20,Family 23,15,14,,,
20,Family 23,Family 21,15,14,,,
20,Family 21,Family 22,15,13,,,
20,Family 22,Community,15,13,,,
20,Family 22,Family 20,30,13,,,
20,Family 20,Family 21,8,13,,,
20,Family 20,Family 22,8,13,,,
20,Family 22,Family 20,20,13,,,
20,Family 22,Community,15,13,,,
20,Family 22,Community,15,13,,,
20,Family 19,Family 4,8,12,,,
20,Family 19,Family 13,8,12,,,
20,Family 19,Family 15,8,12,,,
20,Family 19,Family 17,45,12,,,
20,Family 17,Family 19,45,12,,,
20,Family 18,Family 19,45,12,,,
20,Family 20,Community,15,12,,,
20,Family 17,Family 4,8,11,,,
20,Family 17,Family 13,8,11,,,
20,Family 17,Family 15,8,11,,,
20,Family 18,Family 4,8,11,,,
20,Family 18,Family 13,8,11,,,
20,Family 18,Family 15,8,11,,,
20,Family 18,Family 17,45,11,,,
20,Family 15,Family 13,10,9,,,
20,Family 15,Community,45,9,,,
20,Family 16,Family 0,2,9,,,
20,Family 16,Family 1,2,9,,,
20,Family 16,Family 2,2,9,,,
20,Family 16,Family 3,2,9,,,
20,Family 16,Family 5,2,9,,,
20,Family 16,Family 3,20,9,,,
20,Family 16,Family 6,120,9,,,
20,Family 16,Family 7,15,9,,,
20,Family 6,Family 16,24,9,,,
20,Family 7,Family 16,24,9,,,
20,Family 10,Family 16,24,9,,,
20,Family 11,Family 16,24,9,,,
20,Family 13,Family 16,24,9,,,
20,Family 13,Community,30,8,,,
20,Family 14,Family 11,30,8,,,
20,Family 14,Family 0,2,8,,,
20,Family 14,Family 1,2,8,,,
20,Family 14,Family 2,2,8,,,
20,Family 14,Family 3,2,8,,,
20,Family 14,Family 5,2,8,,,
20,Family 11,Family 0,2,7,,,
20,Family 11,Family 1,2,7,,,
20,Family 11,Family 2,2,7,,,
20,Family 11,Family 3,2,7,,,
20,Family 11,Family 5,2,7,,,
20,Family 11,Family 6,25,7,,,
20,Family 11,Family 7,15,7,,,
20,Family 6,Family 11,60,7,,,
20,Family 7,Family 11,60,7,,,
20,Family 12,Community,90,7,,,
20,Family 12,Family 4,5,7,,,
20,Family 9,Family 3,5,6,,,
20,Family 10,Family 0,2,6,,,
20,Family 10,Family 1,2,6,,,
20,Family 10,Family 2,2,6,,,
20,Family 10,Family 3,2,6,,,
20,Family 10,Family 5,2,6,,,
20,Family 10,Family 6,25,6,,,
20,Family 10,Family 7,15,6,,,
20,Family 7,Family 6,20,5,,,
20,Family 7,Family 3,20,5,,,
20,Family 7,Family 0,2,5,,,
20,Family 7,Family 1,2,5,,,
20,Family 7,Family 2,2,5,,,
20,Family 7,Family 3,2,5,,,
20,Family 7,Family 5,2,5,,,
20,Family 7,Family 6,260,5,,,
20,Family 8,Family 0,20,5,,,
20,Family 8,Family 1,5,5,,,
20,Family 8,Family 2,10,5,,,
20,Family 8,Community,15,5,,,
20,Family 6,Family 3,20,4,,,
20,Family 6,Family 0,2,4,,,
20,Family 6,Family 1,2,4,,,
20,Family 6,Family 2,2,4,,,
20,Family 6,Family 3,2,4,,,
20,Family 6,Family 5,2,4,,,
20,Family 4,Community,60,3,,,
20,Family 5,Family 3,50,3,,,
20,Family 3,Family 5,15,3,,,
20,Family 5,Family 3,15,3,,,
20,Family 5,Family 3,45,3,,,
20,Family 2,Community,15,2,,,
20,Family 2,Family 1,10,2,,,
20,Family 2,Family 0,80,2,,,
20,Family 1,Family 2,15,2,,,
20,Family 0,Family 2,15,2,,,
20,Family 3,Community,15,2,,,
20,Family 1,Family 0,90,1,,,
21,Family 33,Family 13,200,,,,
21,Family 33,Family 15,200,,,,
21,Family 33,Family 25,200,,,,
21,Family 33,Community,360,,,,
21,Family 33,Family 13,9,21,,,
21,Family 33,Family 15,9,21,,,
21,Family 33,Family 25,9,21,,,
21,Family 34,Family 13,200,,,,
21,Family 34,Family 15,200,,,,
21,Family 34,Family 25,200,,,,
21,Family 34,Community,480,,,,
21,Family 34,Family 33,60,,,,
21,Family 34,Family 33,10,21,,,
21,Family 34,Family 13,9,21,,,
21,Family 34,Family 15,9,21,,,
21,Family 34,Family 25,9,21,,,
21,Family 31,Family 20,16,20,,,
21,Family 31,Family 21,16,20,,,
21,Family 31,Family 22,16,20,,,
21,Family 31,Family 23,16,20,,,
21,Family 31,Family 24,16,20,,,
21,Family 31,Family 30,30,20,,,
21,Family 31,Family 29,30,20,,,
21,Family 29,Family 31,60,20,,,
21,Family 30,Family 31,30,20,,,
21,Family 32,Family 20,8,20,,,
21,Family 32,Family 21,8,20,,,
21,Family 32,Family 22,8,20,,,
21,Family 32,Family 23,8,20,,,
21,Family 32,Family 24,8,20,,,
21,Family 32,Family 29,30,20,,,
21,Family 32,Family 30,30,20,,,
21,Family 32,Family 31,30,20,,,
21,Family 29,Family 32,30,20,,,
21,Family 30,Family 32,30,20,,,
21,Family 31,Family 32,30,20,,,
21,Family 30,Family 20,16,19,,,
21,Family 30,Family 21,16,19,,,
21,Family 30,Family 22,16,19,,,
21,Family 30,Family 23,16,19,,,
21,Family 30,Family 24,16,19,,,
21,Family 29,Family 30,60,19,,,
21,Family 29,Family 20,22,18,,,
21,Family 29,Family 21,22,18,,,
21,Family 29,Family 22,22,18,,,
21,Family 29,Family 23,22,18,,,
21,Family 29,Family 24,22,18,,,
21,Family 27,Family 13,8,17,,,
21,Family 27,Family 15,8,17,,,
21,Family 27,Family 25,8,17,,,
21,Family 27,Family 26,60,17,,,
21,Family 26,Family 27,120,17,,,
21,Family 28,Family 13,13,17,,,
21,Family 28,Family 15,13,17,,,
21,Family 28,Family 25,13,17,,,
21,Family 28,Family 26,20,17,,,
21,Family 28,Family 27,5,17,,,
21,Family 28,Family 26,45,17,,,
21,Family 28,Family 27,45,17,,,
21,Family 26,Family 13,11,16,,,
21,Family 26,Family 15,11,16,,,
21,Family 26,Family 25,11,16,,,
21,Family 24,Family 23,60,15,,,
21,Family 24,Community,30,15,,,
21,Family 24,Family 20,5,15,,,
21,Family 24,Family 20,30,15,,,
21,Family 24,Family 22,30,15,,,
21,Family 24,Family 22,30,15,,,
21,Family 20,Family 24,15,15,,,
21,Family 21,Family 24,15,15,,,
21,Family 22,Family 24,15,15,,,
21,Family 23,Family 24,30,15,,,
21,Family 20,Family 24,10,15,,,
21,Family 21,Family 24,10,15,,,
21,Family 22,Family 24,10,15,,,
21,Family 23,Family 24,10,15,,,
21,Family 25,Family 24,10,15,,,
21,Family 21,Family 25,15,15,,,
21,Family 22,Family 25,15,15,,,
21,Family 23,Family 25,30,15,,,
21,Family 24,Family 25,30,15,,,
21,Family 25,Family 24,5,15,,,
21,Family 25,Family 23,5,15,,,
21,Family 25,Family 22,5,15,,,
21,Family 25,Community,90,15,,,
21,Family 23,Community,30,14,,,
21,Family 23,Family 22,5,14,,,
21,Family 23,Family 21,5,14,,,
21,Family 23,Family 20,20,14,,,
21,Family 22,Family 23,15,14,,,
21,Family 21,Family 23,15,14,,,
21,Family 20,Family 23,15,14,,,
21,Family 23,Family 21,15,14,,,
21,Family 21,Family 22,15,13,,,
21,Family 22,Community,15,13,,,
21,Family 22,Family 20,30,13,,,
21,Family 20,Family 21,8,13,,,
21,Family 20,Family 22,8,13,,,
21,Family 22,Family 20,20,13,,,
21,Family 22,Community,15,13,,,
21,Family 22,Community,15,13,,,
21,Family 19,Family 4,8,12,,,
21,Family 19,Family 13,8,12,,,
21,Family 19,Family 15,8,12,,,
21,Family 19,Family 17,45,12,,,
21,Family 17,Family 19,45,12,,,
21,Family 18,Family 19,45,12,,,
21,Family 20,Community,15,12,,,
21,Family 17,Family 4,8,11,,,
21,Family 17,Family 13,8,11,,,
21,Family 17,Family 15,8,11,,,
21,Family 18,Family 4,8,11,,,
21,Family 18,Family 13,8,11,,,
21,Family 18,Family 15,8,11,,,
21,Family 18,Family 17,45,11,,,
21,Family 15,Family 13,10,9,,,
21,Family 15,Community,45,9,,,
21,Family 16,Family 0,2,9,,,
21,Family 16,Family 1,2,9,,,
21,Family 16,Family 2,2,9,,,
21,Family 16,Family 3,2,9,,,
21,Family 16,Family 5,2,9,,,
21,Family 16,Family 3,20,9,,,
21,Family 16,Family 6,120,9,,,
21,Family 16,Family 7,15,9,,,
21,Family 6,Family 16,24,9,,,
21,Family 7,Family 16,24,9,,,
21,Family 10,Family 16,24,9,,,
21,Family 11,Family 16,24,9,,,
21,Family 13,Family 16,24,9,,,
21,Family 13,Community,30,8,,,
21,Family 14,Family 11,30,8,,,
21,Family 14,Family 0,2,8,,,
21,Family 14,Family 1,2,8,,,
21,Family 14,Family 2,2,8,,,
21,Family 14,Family 3,2,8,,,
21,Family 14,Family 5,2,8,,,
21,Family 11,Family 0,2,7,,,
21,Family 11,Family 1,2,7,,,
21,Family 11,Family 2,2,7,,,
21,Family 11,Family 3,2,7,,,
21,Family 11,Family 5,2,7,,,
21,Family 11,Family 6,25,7,,,
21,Family 11,Family 7,15,7,,,
21,Family 6,Family 11,60,7,,,
21,Family 7,Family 11,60,7,,,
21,Family 12,Community,90,7,,,
21,Family 12,Family 4,5,7,,,
21,Family 9,Family 3,5,6,,,
21,Family 10,Family 0,2,6,,,
21,Family 10,Family 1,2,6,,,
21,Family 10,Family 2,2,6,,,
21,Family 10,Family 3,2,6,,,
21,Family 10,Family 5,2,6,,,
21,Family 10,Family 6,25,6,,,
21,Family 10,Family 7,15,6,,,
21,Family 7,Family 6,20,5,,,
21,Family 7,Family 3,20,5,,,
21,Family 7,Family 0,2,5,,,
21,Family 7,Family 1,2,5,,,
21,Family 7,Family 2,2,5,,,
21,Family 7,Family 3,2,5,,,
21,Family 7,Family 5,2,5,,,
21,Family 7,Family 6,260,5,,,
21,Family 8,Family 0,20,5,,,
21,Family 8,Family 1,5,5,,,
21,Family 8,Family 2,10,5,,,
21,Family 8,Community,15,5,,,
21,Family 6,Family 3,20,4,,,
21,Family 6,Family 0,2,4,,,
21,Family 6,Family 1,2,4,,,
21,Family 6,Family 2,2,4,,,
21,Family 6,Family 3,2,4,,,
21,Family 6,Family 5,2,4,,,
21,Family 4,Community,60,3,,,
21,Family 5,Family 3,50,3,,,
21,Family 3,Family 5,15,3,,,
21,Family 5,Family 3,15,3,,,
21,Family 5,Family 3,45,3,,,
21,Family 2,Community,15,2,,,
21,Family 2,Family 1,10,2,,,
21,Family 2,Family 0,80,2,,,
21,Family 1,Family 2,15,2,,,
21,Family 0,Family 2,15,2,,,
21,Family 3,Community,15,2,,,
21,Family 1,Family 0,90,1,,,
22,Family 35,Family 13,133,,,,
22,Family 35,Family 15,133,,,,
22,Family 35,Family 25,133,,,,
22,Family 35,Community,240,,,,
22,Family 35,Family 13,6,22,,,
22,Family 35,Family 15,6,22,,,
22,Family 35,Family 25,6,22,,,
22,Family 35,Family 33,15,22,,,
22,Family 35,Family 34,15,22,,,
22,Family 33,Family 35,15,22,,,
22,Family 34,Family 35,15,22,,,
22,Family 36,Family 20,40,,,,
22,Family 36,Family 21,40,,,,
22,Family 36,Family 22,40,,,,
22,Family 36,Family 23,40,,,,
22,Family 36,Family 24,40,,,,
22,Family 36,Community,120,,,,
22,Family 36,Family 20,4,22,,,
22,Family 36,Family 21,4,22,,,
22,Family 36,Family 22,4,22,,,
22,Family 36,Family 23,4,22,,,
22,Family 36,Family 24,4,22,,,
22,Family 36,Family 29,15,22,,,
22,Family 36,Family 30,15,22,,,
22,Family 36,Family 31,15,22,,,
22,Family 36,Family 32,15,22,,,
22,Family 33,Family 13,9,21,,,
22,Family 33,Family 15,9,21,,,
22,Family 33,Family 25,9,21,,,
22,Family 34,Family 33,10,21,,,
22,Family 34,Family 13,9,21,,,
22,Family 34,Family 15,9,21,,,
22,Family 34,Family 25,9,21,,,
22,Family 31,Family 20,16,20,,,
22,Family 31,Family 21,16,20,,,
22,Family 31,Family 22,16,20,,,
22,Family 31,Family 23,16,20,,,
22,Family 31,Family 24,16,20,,,
22,Family 31,Family 30,30,20,,,
22,Family 31,Family 29,30,20,,,
22,Family 29,Family 31,60,20,,,
22,Family 30,Family 31,30,20,,,
22,Family 32,Family 20,8,20,,,
22,Family 32,Family 21,8,20,,,
22,Family 32,Family 22,8,20,,,
22,Family 32,Family 23,8,20,,,
22,Family 32,Family 24,8,20,,,
22,Family 32,Family 29,30,20,,,
22,Family 32,Family 30,30,20,,,
22,Family 32,Family 31,30,20,,,
22,Family 29,Family 32,30,20,,,
22,Family 30,Family 32,30,20,,,
22,Family 31,Family 32,30,20,,,
22,Family 30,Family 20,16,19,,,
22,Family 30,Family 21,16,19,,,
22,Family 30,Family 22,16,19,,,
22,Family 30,Family 23,16,19,,,
22,Family 30,Family 24,16,19,,,
22,Family 29,Family 30,60,19,,,
22,Family 29,Family 20,22,18,,,
22,Family 29,Family 21,22,18,,,
22,Family 29,Family 22,22,18,,,
22,Family 29,Family 23,22,18,,,
22,Family 29,Family 24,22,18,,,
22,Family 27,Family 13,8,17,,,
22,Family 27,Family 15,8,17,,,
22,Family 27,Family 25,8,17,,,
22,Family 27,Family 26,60,17,,,
22,Family 26,Family 27,120,17,,,
22,Family 28,Family 13,13,17,,,
22,Family 28,Family 15,13,17,,,
22,Family 28,Family 25,13,17,,,
22,Family 28,Family 26,20,17,,,
22,Family 28,Family 27,5,17,,,
22,Family 28,Family 26,45,17,,,
22,Family 28,Family 27,45,17,,,
22,Family 26,Family 13,11,16,,,
22,Family 26,Family 15,11,16,,,
22,Family 26,Family 25,11,16,,,
22,Family 24,Family 23,60,15,,,
22,Family 24,Community,30,15,,,
22,Family 24,Family 20,5,15,,,
22,Family 24,Family 20,30,15,,,
22,Family 24,Family 22,30,15,,,
22,Family 24,Family 22,30,15,,,
22,Family 20,Family 24,15,15,,,
22,Family 21,Family 24,15,15,,,
22,Family 22,Family 24,15,15,,,
22,Family 23,Family 24,30,15,,,
22,Family 20,Family 24,10,15,,,
22,Family 21,Family 24,10,15,,,
22,Family 22,Family 24,10,15,,,
22,Family 23,Family 24,10,15,,,
22,Family 25,Family 24,10,15,,,
22,Family 21,Family 25,15,15,,,
22,Family 22,Family 25,15,15,,,
22,Family 23,Family 25,30,15,,,
22,Family 24,Family 25,30,15,,,
22,Family 25,Family 24,5,15,,,
22,Family 25,Family 23,5,15,,,
22,Family 25,Family 22,5,15,,,
22,Family 25,Community,90,15,,,
22,Family 23,Community,30,14,,,
22,Family 23,Family 22,5,14,,,
22,Family 23,Family 21,5,14,,,
22,Family 23,Family 20,20,14,,,
22,Family 22,Family 23,15,14,,,
22,Family 21,Family 23,15,14,,,
22,Family 20,Family 23,15,14,,,
22,Family 23,Family 21,15,14,,,
22,Family 21,Family 22,15,13,,,
22,Family 22,Community,15,13,,,
22,Family 22,Family 20,30,13,,,
22,Family 20,Family 21,8,13,,,
22,Family 20,Family 22,8,13,,,
22,Family 22,Family 20,20,13,,,
22,Family 22,Community,15,13,,,
22,Family 22,Community,15,13,,,
22,Family 19,Family 4,8,12,,,
22,Family 19,Family 13,8,12,,,
22,Family 19,Family 15,8,12,,,
22,Family 19,Family 17,45,12,,,
22,Family 17,Family 19,45,12,,,
22,Family 18,Family 19,45,12,,,
22,Family 20,Community,15,12,,,
22,Family 17,Family 4,8,11,,,
22,Family 17,Family 13,8,11,,,
22,Family 17,Family 15,8,11,,,
22,Family 18,Family 4,8,11,,,
22,Family 18,Family 13,8,11,,,
22,Family 18,Family 15,8,11,,,
22,Family 18,Family 17,45,11,,,
22,Family 15,Family 13,10,9,,,
22,Family 15,Community,45,9,,,
22,Family 16,Family 0,2,9,,,
22,Family 16,Family 1,2,9,,,
22,Family 16,Family 2,2,9,,,
22,Family 16,Family 3,2,9,,,
22,Family 16,Family 5,2,9,,,
22,Family 16,Family 3,20,9,,,
22,Family 16,Family 6,120,9,,,
22,Family 16,Family 7,15,9,,,
22,Family 6,Family 16,24,9,,,
22,Family 7,Family 16,24,9,,,
22,Family 10,Family 16,24,9,,,
22,Family 11,Family 16,24,9,,,
22,Family 13,Family 16,24,9,,,
22,Family 13,Community,30,8,,,
22,Family 14,Family 11,30,8,,,
22,Family 14,Family 0,2,8,,,
22,Family 14,Family 1,2,8,,,
22,Family 14,Family 2,2,8,,,
22,Family 14,Family 3,2,8,,,
22,Family 14,Family 5,2,8,,,
22,Family 11,Family 0,2,7,,,
22,Family 11,Family 1,2,7,,,
22,Family 11,Family 2,2,7,,,
22,Family 11,Family 3,2,7,,,
22,Family 11,Family 5,2,7,,,
22,Family 11,Family 6,25,7,,,
22,Family 11,Family 7,15,7,,,
22,Family 6,Family 11,60,7,,,
22,Family 7,Family 11,60,7,,,
22,Family 12,Community,90,7,,,
22,Family 12,Family 4,5,7,,,
22,Family 9,Family 3,5,6,,,
22,Family 10,Family 0,2,6,,,
22,Family 10,Family 1,2,6,,,
22,Family 10,Family 2,2,6,,,
22,Family 10,Family 3,2,6,,,
22,Family 10,Family 5,2,6,,,
22,Family 10,Family 6,25,6,,,
22,Family 10,Family 7,15,6,,,
22,Family 7,Family 6,20,5,,,
22,Family 7,Family 3,20,5,,,
22,Family 7,Family 0,2,5,,,
22,Family 7,Family 1,2,5,,,
22,Family 7,Family 2,2,5,,,
22,Family 7,Family 3,2,5,,,
22,Family 7,Family 5,2,5,,,
22,Family 7,Family 6,260,5,,,
22,Family 8,Family 0,20,5,,,
22,Family 8,Family 1,5,5,,,
22,Family 8,Family 2,10,5,,,
22,Family 8,Community,15,5,,,
22,Family 6,Family 3,20,4,,,
22,Family 6,Family 0,2,4,,,
22,Family 6,Family 1,2,4,,,
22,Family 6,Family 2,2,4,,,
22,Family 6,Family 3,2,4,,,
22,Family 6,Family 5,2,4,,,
22,Family 4,Community,60,3,,,
22,Family 5,Family 3,50,3,,,
22,Family 3,Family 5,15,3,,,
22,Family 5,Family 3,15,3,,,
22,Family 5,Family 3,45,3,,,
22,Family 2,Community,15,2,,,
22,Family 2,Family 1,10,2,,,
22,Family 2,Family 0,80,2,,,
22,Family 1,Family 2,15,2,,,
22,Family 0,Family 2,15,2,,,
22,Family 3,Community,15,2,,,
22,Family 1,Family 0,90,1,,,
23,Family 37,Family 4,340,,,,
23,Family 37,Family 13,340,,,,
23,Family 37,Family 15,340,,,,
23,Family 37,Family 4,6,23,,,
23,Family 37,Family 13,6,23,,,
23,Family 37,Family 15,6,23,,,
23,Family 37,Family 17,45,23,,,
23,Family 38,Family 20,120,,,,
23,Family 38,Family 21,120,,,,
23,Family 38,Family 22,120,,,,
23,Family 38,Family 23,120,,,,
23,Family 38,Family 24,120,,,,
23,Family 38,Community,300,,,,
23,Family 38,Family 20,6,23,,,
23,Family 38,Family 21,6,23,,,
23,Family 38,Family 22,6,23,,,
23,Family 38,Family 23,6,23,,,
23,Family 38,Family 24,6,23,,,
23,Family 38,Family 29,15,23,,,
23,Family 35,Family 13,6,22,,,
23,Family 35,Family 15,6,22,,,
23,Family 35,Family 25,6,22,,,
23,Family 35,Family 33,15,22,,,
23,Family 35,Family 34,15,22,,,
23,Family 33,Family 35,15,22,,,
23,Family 34,Family 35,15,22,,,
23,Family 36,Family 20,4,22,,,
23,Family 36,Family 21,4,22,,,
23,Family 36,Family 22,4,22,,,
23,Family 36,Family 23,4,22,,,
23,Family 36,Family 24,4,22,,,
23,Family 36,Family 29,15,22,,,
23,Family 36,Family 30,15,22,,,
23,Family 36,Family 31,15,22,,,
23,Family 36,Family 32,15,22,,,
23,Family 33,Family 13,9,21,,,
23,Family 33,Family 15,9,21,,,
23,Family 33,Family 25,9,21,,,
23,Family 34,Family 33,10,21,,,
23,Family 34,Family 13,9,21,,,
23,Family 34,Family 15,9,21,,,
23,Family 34,Family 25,9,21,,,
23,Family 31,Family 20,16,20,,,
23,Family 31,Family 21,16,20,,,
23,Family 31,Family 22,16,20,,,
23,Family 31,Family 23,16,20,,,
23,Family 31,Family 24,16,20,,,
23,Family 31,Family 30,30,20,,,
23,Family 31,Family 29,30,20,,,
23,Family 29,Family 31,60,20,,,
23,Family 30,Family 31,30,20,,,
23,Family 32,Family 20,8,20,,,
23,Family 32,Family 21,8,20,,,
23,Family 32,Family 22,8,20,,,
23,Family 32,Family 23,8,20,,,
23,Family 32,Family 24,8,20,,,
23,Family 32,Family 29,30,20,,,
23,Family 32,Family 30,30,20,,,
23,Family 32,Family 31,30,20,,,
23,Family 29,Family 32,30,20,,,
23,Family 30,Family 32,30,20,,,
23,Family 31,Family 32,30,20,,,
23,Family 30,Family 20,16,19,,,
23,Family 30,Family 21,16,19,,,
23,Family 30,Family 22,16,19,,,
23,Family 30,Family 23,16,19,,,
23,Family 30,Family 24,16,19,,,
23,Family 29,Family 30,60,19,,,
23,Family 29,Family 20,22,18,,,
23,Family 29,Family 21,22,18,,,
23,Family 29,Family 22,22,18,,,
23,Family 29,Family 23,22,18,,,
23,Family 29,Family 24,22,18,,,
23,Family 27,Family 13,8,17,,,
23,Family 27,Family 15,8,17,,,
23,Family 27,Family 25,8,17,,,
23,Family 27,Family 26,60,17,,,
23,Family 26,Family 27,120,17,,,
23,Family 28,Family 13,13,17,,,
23,Family 28,Family 15,13,17,,,
23,Family 28,Family 25,13,17,,,
23,Family 28,Family 26,20,17,,,
23,Family 28,Family 27,5,17,,,
23,Family 28,Family 26,45,17,,,
23,Family 28,Family 27,45,17,,,
23,Family 26,Family 13,11,16,,,
23,Family 26,Family 15,11,16,,,
23,Family 26,Family 25,11,16,,,
23,Family 24,Family 23,60,15,,,
23,Family 24,Community,30,15,,,
23,Family 24,Family 20,5,15,,,
23,Family 24,Family 20,30,15,,,
23,Family 24,Family 22,30,15,,,
23,Family 24,Family 22,30,15,,,
23,Family 20,Family 24,15,15,,,
23,Family 21,Family 24,15,15,,,
23,Family 22,Family 24,15,15,,,
23,Family 23,Family 24,30,15,,,
23,Family 20,Family 24,10,15,,,
23,Family 21,Family 24,10,15,,,
23,Family 22,Family 24,10,15,,,
23,Family 23,Family 24,10,15,,,
23,Family 25,Family 24,10,15,,,
23,Family 21,Family 25,15,15,,,
23,Family 22,Family 25,15,15,,,
23,Family 23,Family 25,30,15,,,
23,Family 24,Family 25,30,15,,,
23,Family 25,Family 24,5,15,,,
23,Family 25,Family 23,5,15,,,
23,Family 25,Family 22,5,15,,,
23,Family 25,Community,90,15,,,
23,Family 23,Community,30,14,,,
23,Family 23,Family 22,5,14,,,
23,Family 23,Family 21,5,14,,,
23,Family 23,Family 20,20,14,,,
23,Family 22,Family 23,15,14,,,
23,Family 21,Family 23,15,14,,,
23,Family 20,Family 23,15,14,,,
23,Family 23,Family 21,15,14,,,
23,Family 21,Family 22,15,13,,,
23,Family 22,Community,15,13,,,
23,Family 22,Family 20,30,13,,,
23,Family 20,Family 21,8,13,,,
23,Family 20,Family 22,8,13,,,
23,Family 22,Family 20,20,13,,,
23,Family 22,Community,15,13,,,
23,Family 22,Community,15,13,,,
23,Family 19,Family 4,8,12,,,
23,Family 19,Family 13,8,12,,,
23,Family 19,Family 15,8,12,,,
23,Family 19,Family 17,45,12,,,
23,Family 17,Family 19,45,12,,,
23,Family 18,Family 19,45,12,,,
23,Family 20,Community,15,12,,,
23,Family 17,Family 4,8,11,,,
23,Family 17,Family 13,8,11,,,
23,Family 17,Family 15,8,11,,,
23,Family 18,Family 4,8,11,,,
23,Family 18,Family 13,8,11,,,
23,Family 18,Family 15,8,11,,,
23,Family 18,Family 17,45,11,,,
23,Family 15,Family 13,10,9,,,
23,Family 15,Community,45,9,,,
23,Family 16,Family 0,2,9,,,
23,Family 16,Family 1,2,9,,,
23,Family 16,Family 2,2,9,,,
23,Family 16,Family 3,2,9,,,
23,Family 16,Family 5,2,9,,,
23,Family 16,Family 3,20,9,,,
23,Family 16,Family 6,120,9,,,
23,Family 16,Family 7,15,9,,,
23,Family 6,Family 16,24,9,,,
23,Family 7,Family 16,24,9,,,
23,Family 10,Family 16,24,9,,,
23,Family 11,Family 16,24,9,,,
23,Family 13,Family 16,24,9,,,
23,Family 13,Community,30,8,,,
23,Family 14,Family 11,30,8,,,
23,Family 14,Family 0,2,8,,,
23,Family 14,Family 1,2,8,,,
23,Family 14,Family 2,2,8,,,
23,Family 14,Family 3,2,8,,,
23,Family 14,Family 5,2,8,,,
23,Family 11,Family 0,2,7,,,
23,Family 11,Family 1,2,7,,,
23,Family 11,Family 2,2,7,,,
23,Family 11,Family 3,2,7,,,
23,Family 11,Family 5,2,7,,,
23,Family 11,Family 6,25,7,,,
23,Family 11,Family 7,15,7,,,
23,Family 6,Family 11,60,7,,,
23,Family 7,Family 11,60,7,,,
23,Family 12,Community,90,7,,,
23,Family 12,Family 4,5,7,,,
23,Family 9,Family 3,5,6,,,
23,Family 10,Family 0,2,6,,,
23,Family 10,Family 1,2,6,,,
23,Family 10,Family 2,2,6,,,
23,Family 10,Family 3,2,6,,,
23,Family 10,Family 5,2,6,,,
23,Family 10,Family 6,25,6,,,
23,Family 10,Family 7,15,6,,,
23,Family 7,Family 6,20,5,,,
23,Family 7,Family 3,20,5,,,
23,Family 7,Family 0,2,5,,,
23,Family 7,Family 1,2,5,,,
23,Family 7,Family 2,2,5,,,
23,Family 7,Family 3,2,5,,,
23,Family 7,Family 5,2,5,,,
23,Family 7,Family 6,260,5,,,
23,Family 8,Family 0,20,5,,,
23,Family 8,Family 1,5,5,,,
23,Family 8,Family 2,10,5,,,
23,Family 8,Community,15,5,,,
23,Family 6,Family 3,20,4,,,
23,Family 6,Family 0,2,4,,,
23,Family 6,Family 1,2,4,,,
23,Family 6,Family 2,2,4,,,
23,Family 6,Family 3,2,4,,,
23,Family 6,Family 5,2,4,,,
23,Family 4,Community,60,3,,,
23,Family 5,Family 3,50,3,,,
23,Family 3,Family 5,15,3,,,
23,Family 5,Family 3,15,3,,,
23,Family 5,Family 3,45,3,,,
23,Family 2,Community,15,2,,,
23,Family 2,Family 1,10,2,,,
23,Family 2,Family 0,80,2,,,
23,Family 1,Family 2,15,2,,,
23,Family 0,Family 2,15,2,,,
23,Family 3,Community,15,2,,,
23,Family 1,Family 0,90,1,,,
24,Family 39,Community,270,,,,
24,Family 39,Family 0,2,24,,,
24,Family 39,Family 1,2,24,,,
24,Family 39,Family 2,2,24,,,
24,Family 39,Family 3,2,24,,,
24,Family 39,Family 5,2,24,,,
24,Family 39,Family 6,2.5,24,,,
24,Family 39,Family 7,2.5,24,,,
24,Family 39,Family 10,2.5,24,,,
24,Family 39,Family 11,2.5,24,,,
24,Family 39,Family 3,20,24,,,
24,Community,Family 39,100,,,,
24,Family 39,Family 0,40,,,,
24,Family 39,Family 1,40,,,,
24,Family 39,Family 2,40,,,,
24,Family 39,Family 3,40,,,,
24,Family 39,Family 5,40,,,,
24,Family 39,Family 6,150,,,,
24,Family 39,Family 7,150,,,,
24,Family 39,Family 10,150,,,,
24,Family 39,Family 11,150,,,,
24,Family 39,Community,360,,,,
24,Family 18,Family 39,10,24,,,
24,Family 40,Family 6,40,,,,
24,Family 40,Family 7,40,,,,
24,Family 40,Family 10,40,,,,
24,Family 40,Family 11,40,,,,
24,Family 40,Community,180,,,,
24,Family 40,Family 0,2,24,,,
24,Family 40,Family 1,2,24,,,
24,Family 40,Family 2,2,24,,,
24,Family 40,Family 3,2,24,,,
24,Family 40,Family 5,2,24,,,
24,Family 40,Family 6,2.5,24,,,
24,Family 40,Family 7,2.5,24,,,
24,Family 40,Family 10,2.5,24,,,
24,Family 40,Family 11,2.5,24,,,
24,Family 40,Family 39,70,24,,,
24,Family 37,Family 4,6,23,,,
24,Family 37,Family 13,6,23,,,
24,Family 37,Family 15,6,23,,,
24,Family 37,Family 17,45,23,,,
24,Family 38,Family 20,6,23,,,
24,Family 38,Family 21,6,23,,,
24,Family 38,Family 22,6,23,,,
24,Family 38,Family 23,6,23,,,
24,Family 38,Family 24,6,23,,,
24,Family 38,Family 29,15,23,,,
24,Family 35,Family 13,6,22,,,
24,Family 35,Family 15,6,22,,,
24,Family 35,Family 25,6,22,,,
24,Family 35,Family 33,15,22,,,
24,Family 35,Family 34,15,22,,,
24,Family 33,Family 35,15,22,,,
24,Family 34,Family 35,15,22,,,
24,Family 36,Family 20,4,22,,,
24,Family 36,Family 21,4,22,,,
24,Family 36,Family 22,4,22,,,
24,Family 36,Family 23,4,22,,,
24,Family 36,Family 24,4,22,,,
24,Family 36,Family 29,15,22,,,
24,Family 36,Family 30,15,22,,,
24,Family 36,Family 31,15,22,,,
24,Family 36,Family 32,15,22,,,
24,Family 33,Family 13,9,21,,,
24,Family 33,Family 15,9,21,,,
24,Family 33,Family 25,9,21,,,
24,Family 34,Family 33,10,21,,,
24,Family 34,Family 13,9,21,,,
24,Family 34,Family 15,9,21,,,
24,Family 34,Family 25,9,21,,,
24,Family 31,Family 20,16,20,,,
24,Family 31,Family 21,16,20,,,
24,Family 31,Family 22,16,20,,,
24,Family 31,Family 23,16,20,,,
24,Family 31,Family 24,16,20,,,
24,Family 31,Family 30,30,20,,,
24,Family 31,Family 29,30,20,,,
24,Family 29,Family 31,60,20,,,
24,Family 30,Family 31,30,20,,,
24,Family 32,Family 20,8,20,,,
24,Family 32,Family 21,8,20,,,
24,Family 32,Family 22,8,20,,,
24,Family 32,Family 23,8,20,,,
24,Family 32,Family 24,8,20,,,
24,Family 32,Family 29,30,20,,,
24,Family 32,Family 30,30,20,,,
24,Family 32,Family 31,30,20,,,
24,Family 29,Family 32,30,20,,,
24,Family 30,Family 32,30,20,,,
24,Family 31,Family 32,30,20,,,
24,Family 30,Family 20,16,19,,,
24,Family 30,Family 21,16,19,,,
24,Family 30,Family 22,16,19,,,
24,Family 30,Family 23,16,19,,,
24,Family 30,Family 24,16,19,,,
24,Family 29,Family 30,60,19,,,
24,Family 29,Family 20,22,18,,,
24,Family 29,Family 21,22,18,,,
24,Family 29,Family 22,22,18,,,
24,Family 29,Family 23,22,18,,,
24,Family 29,Family 24,22,18,,,
24,Family 27,Family 13,8,17,,,
24,Family 27,Family 15,8,17,,,
24,Family 27,Family 25,8,17,,,
24,Family 27,Family 26,60,17,,,
24,Family 26,Family 27,120,17,,,
24,Family 28,Family 13,13,17,,,
24,Family 28,Family 15,13,17,,,
24,Family 28,Family 25,13,17,,,
24,Family 28,Family 26,20,17,,,
24,Family 28,Family 27,5,17,,,
24,Family 28,Family 26,45,17,,,
24,Family 28,Family 27,45,17,,,
24,Family 26,Family 13,11,16,,,
24,Family 26,Family 15,11,16,,,
24,Family 26,Family 25,11,16,,,
24,Family 24,Family 23,60,15,,,
24,Family 24,Community,30,15,,,
24,Family 24,Family 20,5,15,,,
24,Family 24,Family 20,30,15,,,
24,Family 24,Family 22,30,15,,,
24,Family 24,Family 22,30,15,,,
24,Family 20,Family 24,15,15,,,
24,Family 21,Family 24,15,15,,,
24,Family 22,Family 24,15,15,,,
24,Family 23,Family 24,30,15,,,
24,Family 20,Family 24,10,15,,,
24,Family 21,Family 24,10,15,,,
24,Family 22,Family 24,10,15,,,
24,Family 23,Family 24,10,15,,,
24,Family 25,Family 24,10,15,,,
24,Family 21,Family 25,15,15,,,
24,Family 22,Family 25,15,15,,,
24,Family 23,Family 25,30,15,,,
24,Family 24,Family 25,30,15,,,
24,Family 25,Family 24,5,15,,,
24,Family 25,Family 23,5,15,,,
24,Family 25,Family 22,5,15,,,
24,Family 25,Community,90,15,,,
24,Family 23,Community,30,14,,,
24,Family 23,Family 22,5,14,,,
24,Family 23,Family 21,5,14,,,
24,Family 23,Family 20,20,14,,,
24,Family 22,Family 23,15,14,,,
24,Family 21,Family 23,15,14,,,
24,Family 20,Family 23,15,14,,,
24,Family 23,Family 21,15,14,,,
24,Family 21,Family 22,15,13,,,
24,Family 22,Community,15,13,,,
24,Family 22,Family 20,30,13,,,
24,Family 20,Family 21,8,13,,,
24,Family 20,Family 22,8,13,,,
24,Family 22,Family 20,20,13,,,
24,Family 22,Community,15,13,,,
24,Family 22,Community,15,13,,,
24,Family 19,Family 4,8,12,,,
24,Family 19,Family 13,8,12,,,
24,Family 19,Family 15,8,12,,,
24,Family 19,Family 17,45,12,,,
24,Family 17,Family 19,45,12,,,
24,Family 18,Family 19,45,12,,,
24,Family 20,Community,15,12,,,
24,Family 17,Family 4,8,11,,,
24,Family 17,Family 13,8,11,,,
24,Family 17,Family 15,8,11,,,
24,Family 18,Family 4,8,11,,,
24,Family 18,Family 13,8,11,,,
24,Family 18,Family 15,8,11,,,
24,Family 18,Family 17,45,11,,,
24,Family 15,Family 13,10,9,,,
24,Family 15,Community,45,9,,,
24,Family 16,Family 0,2,9,,,
24,Family 16,Family 1,2,9,,,
24,Family 16,Family 2,2,9,,,
24,Family 16,Family 3,2,9,,,
24,Family 16,Family 5,2,9,,,
24,Family 16,Family 3,20,9,,,
24,Family 16,Family 6,120,9,,,
24,Family 16,Family 7,15,9,,,
24,Family 6,Family 16,24,9,,,
24,Family 7,Family 16,24,9,,,
24,Family 10,Family 16,24,9,,,
24,Family 11,Family 16,24,9,,,
24,Family 13,Family 16,24,9,,,
24,Family 13,Community,30,8,,,
24,Family 14,Family 11,30,8,,,
24,Family 14,Family 0,2,8,,,
24,Family 14,Family 1,2,8,,,
24,Family 14,Family 2,2,8,,,
24,Family 14,Family 3,2,8,,,
24,Family 14,Family 5,2,8,,,
24,Family 11,Family 0,2,7,,,
24,Family 11,Family 1,2,7,,,
24,Family 11,Family 2,2,7,,,
24,Family 11,Family 3,2,7,,,
24,Family 11,Family 5,2,7,,,
24,Family 11,Family 6,25,7,,,
24,Family 11,Family 7,15,7,,,
24,Family 6,Family 11,60,7,,,
24,Family 7,Family 11,60,7,,,
24,Family 12,Community,90,7,,,
24,Family 12,Family 4,5,7,,,
24,Family 9,Family 3,5,6,,,
24,Family 10,Family 0,2,6,,,
24,Family 10,Family 1,2,6,,,
24,Family 10,Family 2,2,6,,,
24,Family 10,Family 3,2,6,,,
24,Family 10,Family 5,2,6,,,
24,Family 10,Family 6,25,6,,,
24,Family 10,Family 7,15,6,,,
24,Family 7,Family 6,20,5,,,
24,Family 7,Family 3,20,5,,,
24,Family 7,Family 0,2,5,,,
24,Family 7,Family 1,2,5,,,
24,Family 7,Family 2,2,5,,,
24,Family 7,Family 3,2,5,,,
24,Family 7,Family 5,2,5,,,
24,Family 7,Family 6,260,5,,,
24,Family 8,Family 0,20,5,,,
24,Family 8,Family 1,5,5,,,
24,Family 8,Family 2,10,5,,,
24,Family 8,Community,15,5,,,
24,Family 6,Family 3,20,4,,,
24,Family 6,Family 0,2,4,,,
24,Family 6,Family 1,2,4,,,
24,Family 6,Family 2,2,4,,,
24,Family 6,Family 3,2,4,,,
24,Family 6,Family 5,2,4,,,
24,Family 4,Community,60,3,,,
24,Family 5,Family 3,50,3,,,
24,Family 3,Family 5,15,3,,,
24,Family 5,Family 3,15,3,,,
24,Family 5,Family 3,45,3,,,
24,Family 2,Community,15,2,,,
24,Family 2,Family 1,10,2,,,
24,Family 2,Family 0,80,2,,,
24,Family 1,Family 2,15,2,,,
24,Family 0,Family 2,15,2,,,
24,Family 3,Community,15,2,,,
24,Family 1,Family 0,90,1,,,
